cg0012	4	4	21	cg0012	ROK	>CAF18575.1 PUTATIVE TRANSCRIPTION REGULATOR PROTEIN [Corynebacterium glutamicum ATCC 13032]||MFMLAQRTLPIHITAPHLPVARVFHQIRATDADRTSLQRDLELSQAGITRHVSALIDAGLVEETRVDSGA||RSGRPRTKLGIDGRHLTAWGVHIGLRSTDFAVCDLAGRVIRYERVDHEVSHSTPSETLNFVAHRLQTLSA||GLPEPRNVGVALSAHLSANGTVTSEDYGWSEVEIGAHLPFPATIGSGVAAMAGSEIINAPLTQSTQSTLY||FYAREMVSHAWIFNGAVHRPNSGRTPTAFGNTNTLKDAFRRGLTPTTFSDLVQLSHTNPLARQILNERAH||KLADAVTTAVDVVDPEAVVFAGEAFTLDPETLRIVVTQLRANTGSQLRIQRADAYILRTAAIQVALHPIR||QDPLAFV	>cg1147_cg0012 TF_locus_tag:cg0012  TF_role:A  Evidence:experimental PMID:16194234||ttaatatccaatatggaagaa||>cg1151_cg0012 TF_locus_tag:cg0012  TF_role:A  Evidence:experimental PMID:16194234||ttttcattcagggtgaatgct||>cg1156_cg0012 TF_locus_tag:cg0012  TF_role:A  Evidence:experimental PMID:16194234||gtttcacgctggttgaaacct||>cg1376_cg0012 TF_locus_tag:cg0012  TF_role:A  Evidence:experimental PMID:16194234||cttatatccagcccgaaaata
cg0146	8	3	10	cg0146	HTH_DeoR	>CAF18679.1 Bacterial regulatory proteins, deoR family [Corynebacterium glutamicum ATCC 13032]||MSQVIPASSQEKRRERIVSYVTRHGFARVEALAELFEVSAMTIHRDLEALAADNLVERIRGGARSVSPSM||SELAVEQRRHLHRTVKEALCTAAARLIPEGAVVAIDDSTTLESLVEKLPQRSPSALITHSLKTMADHRVR||AGMSDIRLIACAGLYFAETDSFLGKATSAQLNELSADISFVSTTAVRATGEVPALFHPDMEAADTKRALI||GIGSVRVLVVDSSKFGSAGVFKVASIEEFDHIIIDQQCTREQRDLLRNSRAQIHVIDHNGDEILDTPTEE||DF	>cg0146_cg0146_1 TF_locus_tag:cg0146  TF_role:R  Evidence:experimental PMID:21320555;22178972||ctaacaacat||>cg0146_cg0146_2 TF_locus_tag:cg0146  TF_role:R  Evidence:experimental PMID:21320555;22178972||ctaacaacaa||>cg0146_cg0146_3 TF_locus_tag:cg0146  TF_role:R  Evidence:experimental PMID:21320555;22178972||ctaacataaa||>cg0146_cg0146_4 TF_locus_tag:cg0146  TF_role:R  Evidence:experimental PMID:21320555;22178972||tcaacaaaat||>cg0350_cg0146_1 TF_locus_tag:cg0146  TF_role:A  Evidence:experimental PMID:25876601||ctgccagcaa||>cg0350_cg0146_2 TF_locus_tag:cg0146  TF_role:A  Evidence:experimental PMID:25876601||ctaacacccc||>cg0350_cg0146_3 TF_locus_tag:cg0146  TF_role:A  Evidence:experimental PMID:25876601||ctaacatggt||>cg3107_cg0146 TF_locus_tag:cg0146  TF_role:R  Evidence:experimental PMID:21320555;22178972||tcaacaaccg
cg0196	9	4	10	cg0196	GntR	>CAF18724.1 Bacterial regulatory proteins, gntR family [Corynebacterium glutamicum ATCC 13032]||MTTEAPIWPAELFEDLDRNGPIPLYFQVAQRLEDGIRSGVLPPGARLENEISVAKHLNVSRPTVRRAIQE||VVDKGLLVRRRGVGTQVVQSHVTRPVELTSFFNDLKNANLDPKTRVLEHRLLAASSAIAEKLGVSAGDEV||LLIRRLRSTGDIPVAILENYLPPAFNDVSLDELEKGGLYDALRSRGVVLKIANQKIGARRAVGEESTLLD||IEDGGPLLTVERVALDNSGQVIELGSHCYRPDMYNFETTLVAR	>cg0196_cg0196_1 TF_locus_tag:cg0196  TF_role:R  Evidence:experimental PMID:23873914||tgtcctaaca||>cg0196_cg0196_2 TF_locus_tag:cg0196  TF_role:R  Evidence:experimental PMID:23873914||ggtcataacg||>cg0196_cg0196_3 TF_locus_tag:cg0196  TF_role:R  Evidence:experimental PMID:23873914||tgatctgaca||>cg0196_cg0196_4 TF_locus_tag:cg0196  TF_role:R  Evidence:experimental PMID:23873914||ggggttaaca||>cg3169_cg0196 TF_locus_tag:cg0196  TF_role:R  Evidence:experimental PMID:22366416;23873914||acacttaaca||>cg0197_cg0196_1 TF_locus_tag:cg0196  TF_role:R  Evidence:experimental PMID:23873914||tgtcatgaca||>cg0197_cg0196_2 TF_locus_tag:cg0196  TF_role:R  Evidence:experimental PMID:23873914||tgtcctgaca||>cg0223_cg0196_1 TF_locus_tag:cg0196  TF_role:R  Evidence:experimental PMID:23873914||gtacataaca||>cg0223_cg0196_2 TF_locus_tag:cg0196  TF_role:R  Evidence:experimental PMID:23873914||tgacgggaca
cg0317	2	2	28-32	cg0317	HTH_20	>CAF18832.1 unnamed protein product [Corynebacterium glutamicum ATCC 13032]||MTAPIHLPLINSAECCSLAAEPLSVDDAERYAEIFKVLGEPVRLRILSHLAAEGCTPTTVNELTEIMGLS||QPTISHHLKKMTDAGLLVRIPEGRTVFHQVQPETFTNLRTILQIG	>cg0318_cg0317 TF_locus_tag:cg0317  TF_role:R  Evidence:experimental PMID:16204540;17061211;18591244||atgtccgtcattatatatagacgcacat||>cg1705_cg0317 TF_locus_tag:cg0317  TF_role:R  Evidence:experimental PMID:18591244||tgtcgatattgaaagtattttgaatatcgaca
cg0350	114	102	16	cg0350	HTH_Crp_2	>CAF18861.1 TRANSCRIPTIONAL REGULATOR, CRP/FNR FAMILY [Corynebacterium glutamicum ATCC 13032]||MEGVQEILSRAGIFQGVDPTAVNNLIQDMETVRFPRGATIFDEGEPGDRLYIITSGKVKLARHAPDGREN||LLTIMGPSDMFGELSIFDPGPRTSSAVCVTEVHAATMNSDMLRNWVADHPAIAEQLLRVLARRLRRTNAS||LADLIFTDVPGRVAKTLLQLANRFGTQEAGALRVNHDLTQEEIAQLVGASRETVNKALATFAHRGWIRLE||GKSVLIVDTEHLARRAR	>cg2406_cg0350 TF_locus_tag:cg0350  TF_role:A  Evidence:predicted PMID:18573287||tgtgacgtgtctctca||>cg1142_cg0350 TF_locus_tag:cg0350  TF_role:R  Evidence:predicted PMID:18573287||tgtgctataggacaca||>cg2409_cg0350 TF_locus_tag:cg0350  TF_role:A  Evidence:predicted PMID:18573287||tgtgacgtggcataca||>cg2410_cg0350 TF_locus_tag:cg0350  TF_role:A  Evidence:predicted PMID:18573287||tgtatgccacgtcaca||>cg1143_cg0350 TF_locus_tag:cg0350  TF_role:R  Evidence:predicted PMID:18573287||tgtgtcctatagcaca||>cg2637_cg0350 TF_locus_tag:cg0350  TF_role:R  Evidence:predicted PMID:18573287||tgtgattcacttcatt||>cg1145_cg0350_1 TF_locus_tag:cg0350  TF_role:R  Evidence:experimental PMID:18832313||tattaacctagacaat||>cg1145_cg0350_2 TF_locus_tag:cg0350  TF_role:R  Evidence:experimental PMID:18832313||ccttatttctcacact||>cg1145_cg0350_3 TF_locus_tag:cg0350  TF_role:R  Evidence:experimental PMID:18832313||tattacccacctcact||>cg1145_cg0350_4 TF_locus_tag:cg0350  TF_role:R  Evidence:experimental PMID:18832313||gttgtcgcgaaacact||>cg2642_cg0350 TF_locus_tag:cg0350  TF_role:R  Evidence:predicted PMID:18573287||tgtgaatcacatcacc||>cg2743_cg0350 TF_locus_tag:cg0350  TF_role:A  Evidence:predicted PMID:18573287||ggtgaacaaggccaca||>cg2781_cg0350 TF_locus_tag:cg0350  TF_role:R  Evidence:predicted PMID:18573287||agtgactaagatcacg||>cg3219_cg0350 TF_locus_tag:cg0350  TF_role:A  Evidence:predicted PMID:18573287||tgtgattttttcaaca||>cg3388_cg0350 TF_locus_tag:cg0350  TF_role:R  Evidence:predicted PMID:18573287||tgtgttgtgggttact||>cg1345_cg0350 TF_locus_tag:cg0350  TF_role:A  Evidence:experimental + predicted PMID:18573287;20864477;18296524||agtgaattacgacaca||>cg1735_cg0350 TF_locus_tag:cg0350  TF_role:A  Evidence:predicted PMID:18573287;19665500||agtgataaacatcaca||>cg0337_cg0350 TF_locus_tag:cg0350  TF_role:R  Evidence:predicted PMID:18573287;19665500||tgtgatgcattcgaca||>cg1753_cg0350 TF_locus_tag:cg0350  TF_role:R  Evidence:predicted PMID:18573287;19665500||tgtgattgtcaccaat||>cg2261_cg0350 TF_locus_tag:cg0350  TF_role:R  Evidence:predicted PMID:18573287;19665500||tgtgatgcacttaaca||>cg0350_cg0350 TF_locus_tag:cg0350  TF_role:R  Evidence:experimental PMID:18355281;25876601||agtggtctttgccaca||>cg0796_cg0350 TF_locus_tag:cg0350  TF_role:R  Evidence:predicted PMID:18573287;19665500||tgtggcctgtcacaca||>cg0229_cg0350 TF_locus_tag:cg0350  TF_role:A  Evidence:predicted PMID:18573287||tgtgatgtgtaacaca||>cg0949_cg0350 TF_locus_tag:cg0350  TF_role:R  Evidence:experimental PMID:18832313;20630483||tgtgtaccagtccact||>cg1061_cg0350 TF_locus_tag:cg0350  TF_role:R  Evidence:predicted PMID:18573287;19665500||tgtaagacacgtcact||>cg1595_cg0350 TF_locus_tag:cg0350  TF_role:R  Evidence:predicted PMID:18573287||tgtgagctgaaactca||>cg0344_cg0350 TF_locus_tag:cg0350  TF_role:R  Evidence:predicted PMID:18573287||agtgtctgggatcaca||>cg1656_cg0350 TF_locus_tag:cg0350  TF_role:A  Evidence:predicted PMID:18573287||cgtgacatatgccata||>cg1766_cg0350 TF_locus_tag:cg0350  TF_role:A  Evidence:predicted PMID:18573287||tgagatttagctcaca||>cg2117_cg0350 TF_locus_tag:cg0350  TF_role:R  Evidence:predicted PMID:18573287||tgtgacgatggtctca||>cg2136_cg0350 TF_locus_tag:cg0350  TF_role:R  Evidence:predicted PMID:18573287||tatgacgcagaccaca||>cg2560_cg0350 TF_locus_tag:cg0350  TF_role:R  Evidence:experimental PMID:18573287;15150232;18832313||tgtgaaccacgccacc||>cg1132_cg0350 TF_locus_tag:cg0350  TF_role:R  Evidence:predicted PMID:18573287;19665500||aataaccccgatcaca||>cg2732_cg0350_1 TF_locus_tag:cg0350  TF_role:R  Evidence:experimental PMID:18573287;16385030||tgtgaccatacacacc||>cg2732_cg0350_2 TF_locus_tag:cg0350  TF_role:R  Evidence:experimental PMID:18573287;16385030||tgtggcgtaggtctta||>cg1226_cg0350_1 TF_locus_tag:cg0350  TF_role:R  Evidence:predicted PMID:18573287||tgtgacttcaacctca||>cg1226_cg0350_2 TF_locus_tag:cg0350  TF_role:R  Evidence:predicted PMID:18573287||tgagtcccaaatcact||>cg2953_cg0350 TF_locus_tag:cg0350  TF_role:R  Evidence:predicted PMID:18573287||tgtggaaactatcaca||>cg2965_cg0350 TF_locus_tag:cg0350  TF_role:R  Evidence:predicted PMID:18573287||tgtgatctaagactct||>cg1309_cg0350 TF_locus_tag:cg0350  TF_role:R  Evidence:predicted PMID:18573287||tgttgttcagttcact||>cg2966_cg0350 TF_locus_tag:cg0350  TF_role:R  Evidence:predicted PMID:18573287||tgtgatctgaactaca||>cg3216_cg0350 TF_locus_tag:cg0350  TF_role:R  Evidence:experimental PMID:18573287;16385030||tgtggcttagatctca||>cg1956_cg0350 TF_locus_tag:cg0350  TF_role:R  Evidence:predicted PMID:18573287||tatgaccgttacctca||>cg3226_cg0350 TF_locus_tag:cg0350  TF_role:R  Evidence:predicted PMID:18573287||ggtgacacgccttaca||>cg0444_cg0350 TF_locus_tag:cg0350  TF_role:R  Evidence:experimental PMID:18355281||ggtgatggtgatcacg||>cg2118_cg0350 TF_locus_tag:cg0350  TF_role:R  Evidence:predicted PMID:18573287||tgagaccatcgtcaca||>cg2280_cg0350 TF_locus_tag:cg0350  TF_role:R  Evidence:predicted PMID:18573287||agtgagttaagtctca||>cg0445_cg0350 TF_locus_tag:cg0350  TF_role:A  Evidence:experimental PMID:18573287;18832313||tgtgaggaagctcacc||>cg2402_cg0350 TF_locus_tag:cg0350  TF_role:A  Evidence:predicted PMID:18573287||ggtgattaatgtcaca||>cg3169_cg0350 TF_locus_tag:cg0350  TF_role:R  Evidence:experimental PMID:18573287;17600063||tgtgtccgttgtctca||>cg3220_cg0350 TF_locus_tag:cg0350  TF_role:R  Evidence:predicted PMID:18573287||tgttgaaaaaatcaca||>cg1314_cg0350 TF_locus_tag:cg0350  TF_role:R  Evidence:predicted PMID:18573287;19665500||agtgttgtagttcaca||>cg1307_cg0350 TF_locus_tag:cg0350  TF_role:R  Evidence:experimental PMID:23103979||tgtgagcaatgtccca||>cg0088_cg0350 TF_locus_tag:cg0350  TF_role:R  Evidence:experimental PMID:23103979||ggtggcgcgtgtcacg||>cg0197_cg0350 TF_locus_tag:cg0350  TF_role:R  Evidence:experimental PMID:23103979||cgtgagggtcgccaca||>cg0247_cg0350 TF_locus_tag:cg0350  TF_role:R  Evidence:predicted PMID:23103979||tgtggcggcgggcaca||>cg0445_cg0350 TF_locus_tag:cg0350  TF_role:R  Evidence:experimental PMID:19665500;19583988;18832313||tgtgaggaagctcacc||>cg0566_cg0350 TF_locus_tag:cg0350  TF_role:R  Evidence:experimental PMID:23103979||tgtatctcacctcaca||>cg0759_cg0350 TF_locus_tag:cg0350  TF_role:R  Evidence:experimental PMID:23103979||tgtggtgtgcaacatt||>cg1435_cg0350 TF_locus_tag:cg0350  TF_role:R  Evidence:predicted PMID:18573287;19665500||tgtgtagcatgacaca||>cg1086_cg0350 TF_locus_tag:cg0350  TF_role:R  Evidence:predicted PMID:23103979||tgtggcttatctccta||>cg0791_cg0350 TF_locus_tag:cg0350  TF_role:R  Evidence:predicted PMID:18573287||agtgactgctatcacc||>cg1840_cg0350 TF_locus_tag:cg0350  TF_role:R  Evidence:predicted PMID:23103979||ggtgagttagataaca||>cg2708_cg0350 TF_locus_tag:cg0350  TF_role:R  Evidence:predicted PMID:23103979||agtgaagtgagtcact||>cg2824_cg0350 TF_locus_tag:cg0350  TF_role:A  Evidence:experimental PMID:23103979||tgtaatccagcacaca||>cg2831_cg0350 TF_locus_tag:cg0350  TF_role:A  Evidence:experimental PMID:23396909||agtgttctatgacact||>cg3048_cg0350 TF_locus_tag:cg0350  TF_role:R  Evidence:predicted PMID:23103979||tgtgatttcttacata||>cg3127_cg0350_1 TF_locus_tag:cg0350  TF_role:R  Evidence:predicted PMID:18573287;19665500||tgtagtccacaccaca||>cg3127_cg0350_2 TF_locus_tag:cg0350  TF_role:R  Evidence:predicted PMID:18573287;19665500||ggtgacgtgaatcacc||>cg3389_cg0350 TF_locus_tag:cg0350  TF_role:R  Evidence:experimental PMID:23103979||agtgatgcgtgtcatg||>cg0812_cg0350 TF_locus_tag:cg0350  TF_role:R  Evidence:predicted PMID:18573287;16233348||agtgatgtaaatcacc||>cg2837_cg0350_1 TF_locus_tag:cg0350  TF_role:R  Evidence:experimental PMID:18573287;18832313;19665500||ggtgagttgaaacact||>cg2837_cg0350_2 TF_locus_tag:cg0350  TF_role:R  Evidence:experimental PMID:18573287;18832313;19665500||agtgttagacttcaca||>cg2846_cg0350 TF_locus_tag:cg0350  TF_role:A  Evidence:experimental + predicted PMID:18573287;19665500;20638427||tgtgattagagtctcc||>cg3096_cg0350 TF_locus_tag:cg0350  TF_role:R  Evidence:predicted PMID:18573287;19665500||tgtgcgcgttgtcaca||>cg0814_cg0350 TF_locus_tag:cg0350  TF_role:R  Evidence:predicted PMID:18573287||ggtgatttacatcact||>cg0878_cg0350 TF_locus_tag:cg0350  TF_role:A  Evidence:predicted PMID:18573287||tgtgaattacctcaca||>cg0836_cg0350 TF_locus_tag:cg0350  TF_role:R  Evidence:experimental PMID:23103979||tgtgaccgttgccatg||>cg0875_cg0350 TF_locus_tag:cg0350  TF_role:R  Evidence:experimental PMID:23103979||tgtggtggaagacaca||>cg0948_cg0350 TF_locus_tag:cg0350  TF_role:A  Evidence:predicted PMID:18573287;19665500||tgtgatgcacgcgaca||>cg0961_cg0350 TF_locus_tag:cg0350  TF_role:R  Evidence:predicted PMID:23103979||tggggtgtaggtcaca||>cg0968_cg0350 TF_locus_tag:cg0350  TF_role:R  Evidence:experimental PMID:23103979||tgtgcccaatatcact||>cg2610_cg0350 TF_locus_tag:cg0350  TF_role:R  Evidence:experimental PMID:23103979||agtgactcaccacacc||>cg2429_cg0350 TF_locus_tag:cg0350  TF_role:R  Evidence:predicted PMID:18573287||tgtgaacaaagctaca||>cg3170_cg0350 TF_locus_tag:cg0350  TF_role:R  Evidence:predicted PMID:23103979||agtgatcgagcgcaca||>cg3195_cg0350 TF_locus_tag:cg0350  TF_role:R  Evidence:experimental PMID:23103979||agtgagtcacgacact||>cg3251_cg0350 TF_locus_tag:cg0350  TF_role:R  Evidence:predicted PMID:23103979||tgtggggtaggtggca||>cg0879_cg0350 TF_locus_tag:cg0350  TF_role:A  Evidence:predicted PMID:18573287||tgtggggtggaacaca||>cg1409_cg0350 TF_locus_tag:cg0350  TF_role:A  Evidence:predicted PMID:18573287;19665500||tgtgcagcacaccaca||>cg2616_cg0350 TF_locus_tag:cg0350  TF_role:R  Evidence:predicted PMID:18573287||agtgatttgaagcaca||>cg3353_cg0350_1 TF_locus_tag:cg0350  TF_role:R  Evidence:experimental + predicted PMID:18573287;24795375||tgtaacttggctcacc||>cg3353_cg0350_2 TF_locus_tag:cg0350  TF_role:R  Evidence:experimental + predicted PMID:18573287;24795375||tgtgacagagtcaact||>cg3382_cg0350 TF_locus_tag:cg0350  TF_role:A  Evidence:predicted PMID:23103979||tttgaaataattcaca||>cg1537_cg0350 TF_locus_tag:cg0350  TF_role:R  Evidence:predicted PMID:18573287;19665500||tgtgatccaccacaaa||>cg2631_cg0350 TF_locus_tag:cg0350  TF_role:R  Evidence:predicted PMID:18573287||tgagatctatatcact||>cg0936_cg0350 TF_locus_tag:cg0350  TF_role:A  Evidence:predicted PMID:18573287||tgtaacataaatcaca||>cg1568_cg0350 TF_locus_tag:cg0350  TF_role:R  Evidence:predicted PMID:18573287;19665500||ggacatttaggtcaca||>cg2636_cg0350 TF_locus_tag:cg0350  TF_role:R  Evidence:predicted PMID:18573287||gatgattcaggccaca||>cg2780_cg0350 TF_locus_tag:cg0350  TF_role:A  Evidence:predicted PMID:18573287||tgtgaaccccttcaca||>cg3107_cg0350_1 TF_locus_tag:cg0350  TF_role:R  Evidence:predicted PMID:18573287||tgtaatttaaggcaca||>cg3107_cg0350_2 TF_locus_tag:cg0350  TF_role:R  Evidence:predicted PMID:18573287||aatgttgtaaatcaca||>cg0951_cg0350 TF_locus_tag:cg0350  TF_role:R  Evidence:predicted PMID:18573287||tgtgagatgaaacgca||>cg1737_cg0350 TF_locus_tag:cg0350  TF_role:R  Evidence:experimental PMID:18832313;18285691||tgtggaaaaggaccct||>cg1790_cg0350 TF_locus_tag:cg0350  TF_role:R  Evidence:predicted PMID:18573287;23103979||attgattaaagacaca||>cg0957_cg0350 TF_locus_tag:cg0350  TF_role:R  Evidence:predicted PMID:18573287||tgtgatgttgctcacg||>cg1791_cg0350_1 TF_locus_tag:cg0350  TF_role:R  Evidence:experimental PMID:18573287;17600063;19665500||tgtgagttgcatcaca||>cg1791_cg0350_2 TF_locus_tag:cg0350  TF_role:R  Evidence:experimental PMID:18573287;17600063;19665500||tgtaatgtagttcata||>cg1037_cg0350 TF_locus_tag:cg0350  TF_role:A  Evidence:experimental PMID:18355281||cgtgaggtagctcaca||>cg2361_cg0350 TF_locus_tag:cg0350  TF_role:A  Evidence:predicted PMID:18573287;19665500||tgtgacaaggataaca||>cg2559_cg0350_1 TF_locus_tag:cg0350  TF_role:R  Evidence:experimental PMID:18573287;15150232;17600063;18832313;19665500||ggtgacggtgatcact||>cg2559_cg0350_2 TF_locus_tag:cg0350  TF_role:R  Evidence:experimental PMID:18573287;15150232;17600063;18832313;19665500||tgtgacctagataaaa||>cg3351_cg0350 TF_locus_tag:cg0350  TF_role:R  Evidence:experimental + predicted PMID:18573287;24795375||tatgttcgaagtcaca||>cg2840_cg0350 TF_locus_tag:cg0350  TF_role:A  Evidence:predicted PMID:18573287;19665500||agtggggtacatcata||>cg3352_cg0350 TF_locus_tag:cg0350  TF_role:R  Evidence:experimental + predicted PMID:18573287;24795375||ggtgagccaagttaca
cg0444	45	36	11-13	cg0444	XRE_superfamily	>CAF19083.1 transcriptional regulator, MerR family [Corynebacterium glutamicum ATCC 13032]||MGKTYVGSRLRQLRRERDLSQASLAATLGLSASYVNQIEHDVRPLTVPVLLRITEAFGVDATFFSRDDDS||RLLAEVQDVMLDREINPANVELQELSEMVYNHPQLARAMVEMHQRYRNVRDKFSIAVDNRTNTPEERRPI||AEAVSMPHEEVRDFIYARQNYFDALDRRAEAIAAQLGWQPYDSRAMEDSIARRLQMDHDVTITSSKEESG||TLHHFDPETRLLTIHARLNPGQRAFRMATELGYLEANDLIEGIVDDGIWSTPEARTLAIRGVASYFAAAV||MLPYKIFHSEAEKSGYDIEYLGQLFGVGYETTAHRLSTLQRPNLRGIPFTFVRVDRAGNMSKRQSATGFH||FTHYGGTCPLWNVFETFTNPGQVLRQFAQMPDGRNYLWISRTVRHHEARFGEVDKMFAIGLGCEARHADR||TVYSRGFNLQDLSTATPIGSGCRVCTRENCAQRAFPSVHGRINIDAHESTIAPY	>cg3048_cg0444_1 TF_locus_tag:cg0444  TF_role:R  Evidence:experimental PMID:15090522;20620178||aaaactttgcaaa||>cg3048_cg0444_2 TF_locus_tag:cg0444  TF_role:R  Evidence:experimental PMID:15090522;20620178||aaaactttgcaaa||>cg3335_cg0444_1 TF_locus_tag:cg0444  TF_role:R  Evidence:experimental + predicted PMID:15090522;22261175||cacacttagcaaa||>cg3335_cg0444_2 TF_locus_tag:cg0444  TF_role:R  Evidence:experimental + predicted PMID:15090522;22261175||tttgcaaatgttc||>cg3335_cg0444_3 TF_locus_tag:cg0444  TF_role:R  Evidence:experimental + predicted PMID:15090522;22261175||ggtgttttgcaaa||>cg0791_cg0444_1 TF_locus_tag:cg0444  TF_role:R  Evidence:experimental + predicted PMID:15090522;20620178||caaagtttgcaaa||>cg0791_cg0444_2 TF_locus_tag:cg0444  TF_role:R  Evidence:experimental + predicted PMID:15090522;20620178||tttgcaaagttta||>cg0949_cg0444_1 TF_locus_tag:cg0444  TF_role:R  Evidence:experimental + predicted PMID:15090522;20630483;20620178||tttgcaaagtttt||>cg0949_cg0444_2 TF_locus_tag:cg0444  TF_role:R  Evidence:experimental + predicted PMID:15090522;20630483;20620178||caaactttgctaa||>cg2925_cg0444 TF_locus_tag:cg0444  TF_role:R  Evidence:experimental + predicted PMID:15090522;20620178||aatacttcgcaaa||>cg0378_cg0444 TF_locus_tag:cg0444  TF_role:R  Evidence:predicted PMID:15090522||aaaaccttccaaa||>cg0763_cg0444 TF_locus_tag:cg0444  TF_role:R  Evidence:predicted PMID:15090522||aaaactctgcaga||>cg0770_cg0444 TF_locus_tag:cg0444  TF_role:R  Evidence:predicted PMID:15090522||attactttgcaaa||>cg1817_cg0444 TF_locus_tag:cg0444  TF_role:R  Evidence:predicted PMID:15090522||gttgcagagtttt||>cg2080_cg0444 TF_locus_tag:cg0444  TF_role:R  Evidence:predicted PMID:15090522||attgcaaagtttt||>cg2466_cg0444 TF_locus_tag:cg0444  TF_role:A  Evidence:experimental PMID:17890844||aaaactttgcaaa||>cg0445_cg0444 TF_locus_tag:cg0444  TF_role:R  Evidence:predicted PMID:15090522;19583988||gttgcaaacttgt||>cg1537_cg0444_1 TF_locus_tag:cg0444  TF_role:R  Evidence:experimental + predicted PMID:15090522;20620178||caaattgtgcaat||>cg1537_cg0444_2 TF_locus_tag:cg0444  TF_role:R  Evidence:experimental + predicted PMID:15090522;20620178||aaatttttgccaa||>cg0052_cg0444 TF_locus_tag:cg0444  TF_role:R  Evidence:predicted PMID:15090522||aaagctttgcaac||>cg1037_cg0444 TF_locus_tag:cg0444  TF_role:R  Evidence:experimental PMID:18355281||tattgtgactaat||>cg1737_cg0444_1 TF_locus_tag:cg0444  TF_role:R  Evidence:predicted PMID:15090522||attcctttgcatc||>cg1737_cg0444_2 TF_locus_tag:cg0444  TF_role:R  Evidence:predicted PMID:15090522||tttccaaagtcgg||>cg2234_cg0444 TF_locus_tag:cg0444  TF_role:R  Evidence:predicted PMID:15090522||tttgcaaaattat||>cg2406_cg0444 TF_locus_tag:cg0444  TF_role:R  Evidence:predicted PMID:15090522||aaaagtttgcgaa||>cg2766_cg0444 TF_locus_tag:cg0444  TF_role:R  Evidence:predicted PMID:15090522||ttggcatagtttt||>cg0444_cg0444 TF_locus_tag:cg0444  TF_role:R  Evidence:experimental PMID:15090522;17114251||acaagtttgcaac||>cg3068_cg0444 TF_locus_tag:cg0444  TF_role:R  Evidence:predicted PMID:15090522||aatactttgcaca||>cg0948_cg0444 TF_locus_tag:cg0444  TF_role:R  Evidence:predicted PMID:15090522||tttgcaaaact||>cg0952_cg0444 TF_locus_tag:cg0444  TF_role:R  Evidence:experimental PMID:19028892||caatctttgcaaa||>cg1268_cg0444 TF_locus_tag:cg0444  TF_role:R  Evidence:experimental PMID:20056699||attagaaacttta||>cg2559_cg0444 TF_locus_tag:cg0444  TF_role:R  Evidence:experimental PMID:15090522;20620178||tttgcaaagttct||>cg2833_cg0444 TF_locus_tag:cg0444  TF_role:R  Evidence:predicted PMID:17183211||taatttcagcaaa||>cg3096_cg0444 TF_locus_tag:cg0444  TF_role:R  Evidence:experimental PMID:19041911;20620178||ataacttttgaaa||>cg2079_cg0444 TF_locus_tag:cg0444  TF_role:R  Evidence:predicted PMID:15090522||aaaactttgcaat||>cg2837_cg0444 TF_locus_tag:cg0444  TF_role:R  Evidence:predicted PMID:15090522||tttgcaaagttta||>cg2840_cg0444 TF_locus_tag:cg0444  TF_role:R  Evidence:predicted PMID:15090522||aaaaatttgaaaa||>cg2560_cg0444 TF_locus_tag:cg0444  TF_role:R  Evidence:experimental PMID:15090522;20620178||agaactttgcaaa||>cg3107_cg0444_1 TF_locus_tag:cg0444  TF_role:R  Evidence:experimental PMID:17693518;17646983||agcaatttgccaa||>cg3107_cg0444_2 TF_locus_tag:cg0444  TF_role:R  Evidence:experimental PMID:17693518;17646983||tatttttcgaaat||>cg0350_cg0444 TF_locus_tag:cg0444  TF_role:R  Evidence:experimental PMID:25876601||taaagttagcaaa||>cg0737_cg0444 TF_locus_tag:cg0444  TF_role:R  Evidence:predicted PMID:15090522||aaaactttcccaa||>cg0951_cg0444 TF_locus_tag:cg0444  TF_role:R  Evidence:predicted PMID:15090522||tttgcaaagattg||>cg3169_cg0444_1 TF_locus_tag:cg0444  TF_role:R  Evidence:predicted PMID:15090522||ttttcaaagtatt||>cg3169_cg0444_2 TF_locus_tag:cg0444  TF_role:R  Evidence:predicted PMID:15090522||tttgcaatgtttg
cg0454	3	1	15	cg0454	TetR_N	>CAF19094.1 TETR-FAMILY TRANSCRIPTIONAL REGULATOR [Corynebacterium glutamicum ATCC 13032]||MDIEEQPSLREIKRQMTLEAIEDNATRLILERGFDNVTIEDICAEAGISKRTFFNYVESKESVAIGHTAK||LPTDEEREAFLATRHENIIDTVFDLVINLFGNHDNSKSGVAGDIMRRRKEIRVKHPELAVQHFARFHQAR||EGLEHLIVEYFEKWPGSQHLDEPADREAIAIVGLLISVMLQGSREWHDMPQGTQADFQACCRKAIKNTFL||LRGGFSE	>cg0454_cg0454_1 TF_locus_tag:cg0454  TF_role:R  Evidence:predicted PMID:||ttacactaggtttac||>cg0454_cg0454_2 TF_locus_tag:cg0454  TF_role:R  Evidence:predicted PMID:||ttgcactgagtgcaa||>cg0454_cg0454_3 TF_locus_tag:cg0454  TF_role:R  Evidence:predicted PMID:||gttcactcggtgcaa
cg0463	3	3	17	cg0463		>CAF19100.1 conserved HYPOTHETICAL PROTEIN [Corynebacterium glutamicum ATCC 13032]||MSNSECHTHGYIEEKQRYLARLKRIEGQTRGIHRMIDEEQYCIDILTQISAVNSALKNVAFGLLDDHLAH||CVKEAADLGGDELDAKLKEVSDAIARFSKA	>cg3411_cg0463 TF_locus_tag:cg0463  TF_role:R  Evidence:experimental PMID:25592736||ataccccagtggggtat||>cg0464_cg0463 TF_locus_tag:cg0463  TF_role:R  Evidence:experimental PMID:21799779;23090582;25592736||atacccctagggggtat||>cg3282_cg0463 TF_locus_tag:cg0463  TF_role:R  Evidence:experimental PMID:23090582;25592736||ataccccataggggtat
cg0500	2	1	17	cg0500	HTH_1	>CAF19136.1 Bacterial regulatory protein, LysR family [Corynebacterium glutamicum ATCC 13032]||MHLNQLEFFIAVAQHGQINRAAEELLISQPALSRQISALEKSVGAPLFERHSRGVSLTKAGEILHEEALR||TLSRMQSVVDEIQSGEHLITSINIGVPPGIPIDWLRCQLIDLGPETRISLIESPTDDQLKLLKQRELDIA||LCRRQSEAFATTLVHEQELGIVVRKNSELHQKVAGKDNATLFDLEGLRVLAHSRGEVRIQEEILKNAMLA||AGVNATWIFRKFGQYSSLIADLVQADVALTTEESARTNFPSWQWVPIEGEDASGNDLVVRTWITWNPQPT||PAVKALIQKFIDGN	>cg0501_cg0500_1 TF_locus_tag:cg0500  TF_role:A  Evidence:experimental + predicted PMID:19376919;24674055||tatgcaagagatggata||>cg0501_cg0500_2 TF_locus_tag:cg0500  TF_role:A  Evidence:experimental + predicted PMID:19376919;24674055||tatgcatttgtactata
cg0527	1	1	10	cg0527	HTH_20	>CAF19161.1 PUTATIVE ARSR-FAMILY TRANSCRIPTIONAL REGULATOR [Corynebacterium glutamicum ATCC 13032]||MTSVIPSSADSATEQRFAPLKSVPSRITDIAEEASDFYKALGDTTRLEILYLIFTTKSSRVSANALAHTL||NISAPTVTHHMKKLIAANLVNREQCGKWAYFSINSAHIDTVAEIFAHAS	>cg1133_cg0527 TF_locus_tag:cg0527  TF_role:A  Evidence:experimental PMID:19124047||cacttcaatg
cg0725	2	2	4	cg0725	HTH_MARR	>CAF19334.1 transcriptional regulator, MarR family [Corynebacterium glutamicum ATCC 13032]||MLNMQEPDKIHPAEPTLRNIYDVKTSDPKSELVDRSGMSEEDIAQIGRLMKSLASLRDVERSIGEASARY||MELSAPDMRALHYLIVAGNAGEVVTPGMLGAHLKLSPASVTKTLNRLEKGGHIVRNVHPVDRRAFALMVT||DATRGEAMRTLGKHQARRFDAAKRLTPQEREVVIRFLQDMAQELSLNNAPWLNTE	>cg0723_cg0725 TF_locus_tag:cg0725  TF_role:R  Evidence:experimental PMID:28484430||aatt||>cg0725_cg0725 TF_locus_tag:cg0725  TF_role:R  Evidence:experimental PMID:28484430||aatt
sirR	1	1	18	cg0741	HTH_MARR	>CAF19348.1 IRON REPRESSOR PROTEIN [Corynebacterium glutamicum ATCC 13032]||MHISDLPDRSQDYLKTIWDITELLDDQPAALGDIAEKMNQKTPTASEAIKKLAARGLVNHEKYAGVTLTE||QGKTLAIDMVRRHRLLETFLHDVLGYTWDEVHADADLLEHAASDQLIERIDAHLGRPRKDPHGDPIPTAE||GVIEESPRTTLEAVQPGETVTISRVKDIDPELLRYLAQYNVSPGCRITVASGPLAGMVHVVVEGTDTSFP||LAETQLPLITVQD	>cg1623_sirR TF_locus_tag:cg0741  TF_role:R  Evidence:experimental PMID:25790484||tgttcaatgcgttgaaca
mtrA	24	23	18-19	cg0862	Trans_reg_C	>CAF19458.1 Response regulator [Corynebacterium glutamicum ATCC 13032]||MSQKILVVDDDPAISEMLTIVLSAEGFDTVAVTDGALAVETASREQPDLILLDLMLPGMNGIDICRLIRQ||ESSVPIIMLTAKTDTVDVVLGLESGADDYVNKPFKAKELVARIRARLRATVDEPSEIIEVGDLSIDVPAH||TVKRNGAEISLTPLEFDLLLELARKPQQVFTREELLGKVWGYRHASDTRLVNVHVQRLRAKIEKDPENPQ||IVLTVRGVGYKTGHND	>cg1016_mtrA TF_locus_tag:cg0862  TF_role:A  Evidence:experimental PMID:17064374;21183673||atcacaatgacataacgat||>cg2402_mtrA_1 TF_locus_tag:cg0862  TF_role:R  Evidence:experimental PMID:17064374;21183673||ataaggttacgaaaccgca||>cg2402_mtrA_2 TF_locus_tag:cg0862  TF_role:R  Evidence:experimental PMID:17064374;21183673||ataacggttcgataacgac||>cg2747_mtrA TF_locus_tag:cg0862  TF_role:R  Evidence:experimental PMID:17064374;21183673||gtcacaacttgataacgga||>cg0859_mtrA TF_locus_tag:cg0862  TF_role:A  Evidence:experimental PMID:21183673||ataacaagtcaataacaaa||>cg1612_mtrA TF_locus_tag:cg0862  TF_role:A  Evidence:experimental PMID:21183673||gtcacaaaatgatttcagt||>cg3395_mtrA TF_locus_tag:cg0862  TF_role:A  Evidence:experimental PMID:17064374;21183673||gttacaaattggtcacatt||>cg1665_mtrA TF_locus_tag:cg0862  TF_role:A  Evidence:experimental PMID:21183673||gtaacagatctgtttctat||>cg1942_mtrA TF_locus_tag:cg0862  TF_role:A  Evidence:experimental PMID:21183673||atatcattcctataacaat||>cg2789_mtrA TF_locus_tag:cg0862  TF_role:A  Evidence:experimental PMID:21183673||gtaacgattctgtaacgga||>cg0980_mtrA TF_locus_tag:cg0862  TF_role:A  Evidence:experimental PMID:21183673||ataacaagatggtctcaat||>cg2777_mtrA TF_locus_tag:cg0862  TF_role:A  Evidence:experimental PMID:21183673||aggacattgttatgacaag||>cg3138_mtrA TF_locus_tag:cg0862  TF_role:R  Evidence:experimental PMID:21183673||gtcacaaaatggacactc||>cg0133_mtrA TF_locus_tag:cg0862  TF_role:A  Evidence:experimental PMID:21183673||ataacatttgcattacggt||>cg0858_mtrA TF_locus_tag:cg0862  TF_role:R  Evidence:experimental PMID:21183673||ataacaagtcaataacaaa||>cg1517_mtrA TF_locus_tag:cg0862  TF_role:A  Evidence:experimental PMID:21183673||atatcattcctataacaat||>cg1943_mtrA TF_locus_tag:cg0862  TF_role:A  Evidence:experimental PMID:21183673||aacagatatcgcgaacgag||>cg2052_mtrA TF_locus_tag:cg0862  TF_role:A  Evidence:experimental PMID:21183673||gtaacattcttattacaag||>cg2096_mtrA TF_locus_tag:cg0862  TF_role:A  Evidence:experimental PMID:21183673||ataacatttttgttgcaat||>cg0282_mtrA TF_locus_tag:cg0862  TF_role:A  Evidence:experimental PMID:21183673||gtaacggatttatatcaat||>cg0715_mtrA TF_locus_tag:cg0862  TF_role:A  Evidence:experimental PMID:21183673||acaacaattcgttcacgat||>cg0896_mtrA TF_locus_tag:cg0862  TF_role:A  Evidence:experimental PMID:21183673||atcacgtacatataaggat||>cg1037_mtrA TF_locus_tag:cg0862  TF_role:R  Evidence:experimental PMID:21183673||gtcacaatacggtaacaaa||>cg3254_mtrA TF_locus_tag:cg0862  TF_role:A  Evidence:experimental PMID:21183673||atcaccttttaataacaat
pdxR	2	2	11	cg0897	GntR	>CAF19492.1 pyridoxine biosynthesis transcriptional regulator, aminotransferase [Corynebacterium glutamicum ATCC 13032]||MLADLPIALNPHEPTSIPTQLTEQIRRLVARGILTPGDPLPSSRSLSTQLGVSRGSVVTAYDQLAGEGYL||STARGSGTTINPDLHLLKPVEIEKKETSRSVPPPLLNLSPGVPDTATLADSAWRAAWREACAKPPTHSPE||QGLLRLRIEIADHLRQMRGLMVEPEQIIVTAGAREGLSLLLRTMDAPARIGVESPGYPSLRRIPQVLGHE||TIDVPTDESGLVPRALPHDLNALLVTPSHQYPYGGSLPADRRTALVAWAEANDALLIEDDFDSELRYVGM||PLPPLRALAPDRTILLGTFSSVITPQVACGYLIAPTPQARVLATLRGILGQPVGAITQHALASYLASGAL||RRRTQRLRRLYRHRRSIVQDTLGDLPNTQLRPINGGLHAVLLCDKPQDLVVTTLASRGLNVTALSHYWGG||TGADNGIVFGFGSHDEDTLRWVLAEISDAVSLG	>cg0897_pdxR TF_locus_tag:cg0897  TF_role:R  Evidence:predicted PMID:20847010||tagaccacttt||>cg0898_pdxR TF_locus_tag:cg0897  TF_role:A  Evidence:experimental PMID:12948641;20847010||tagtccacttt
cg0979	1	1	13	cg0979		>CAF19563.1 Transcriptional regulator PadR-like family [Corynebacterium glutamicum ATCC 13032]||MSIKHALLVLMLDEPTSASQLQTKFEETMGIWQLNIGQVTQTIQRLQRDGLAETAGTTVSSNGRTVDTFQ||PTDLGRELVAQWFESPVTVTLSERDELVTKIAIAESRGLNLIPLLDIQRNTVMAELRALNKSSRDLAETR||NTQRLLVEKRIFELEAQARWLDRIEALEQ	>cg0979_cg0979 TF_locus_tag:cg0979  TF_role:R  Evidence:experimental PMID:||gttactgggtatc
amtR	47	16	14-28	cg0986	TetR_N	>CAF19569.1 AMTR PROTEIN [Corynebacterium glutamicum ATCC 13032]||MAGAVGRPRRSAPRRAGKNPREEILDASAELFTRQGFATTSTHQIADAVGIRQASLYYHFPSKTEIFLTL||LKSTVEPSTVLAEDLSTLDAGPEMRLWAIVASEVRLLLSTKWNVGRLYQLPIVGSEEFAEYHSQREALTN||VFRDLATEIVGDDPRAELPFHITMSVIEMRRNDGKIPSPLSADSLPETAIMLADASLAVLGAPLPADRVE||KTLELIKQADAK	>cg3335_amtR TF_locus_tag:cg0986  TF_role:R  Evidence:experimental PMID:19041910;20854853;22261175||ctacagatttagct||>cg0103_amtR_1 TF_locus_tag:cg0986  TF_role:R  Evidence:experimental PMID:15148566;16194241;16698104;20854853||cacatttctatcaatctatagaaagtat||>cg0103_amtR_2 TF_locus_tag:cg0986  TF_role:R  Evidence:experimental PMID:15148566;16194241;16698104;20854853||caagtttctatagattgatagaaaaggg||>cg0103_amtR_3 TF_locus_tag:cg0986  TF_role:R  Evidence:experimental PMID:15148566;16194241;16698104;20854853||ctatagattgatag||>cg0103_amtR_4 TF_locus_tag:cg0986  TF_role:R  Evidence:experimental PMID:15148566;16194241;16698104;20854853||ctatcaatctatag||>cg0103_amtR_5 TF_locus_tag:cg0986  TF_role:R  Evidence:experimental PMID:15148566;16194241;16698104;20854853||ctatagaaagtatg||>cg0104_amtR_1 TF_locus_tag:cg0986  TF_role:R  Evidence:experimental PMID:15148566;16194241;16698104;20854853||ctaatacctgtcaagcaatagaatagat||>cg0104_amtR_2 TF_locus_tag:cg0986  TF_role:R  Evidence:experimental PMID:15148566;16194241;16698104;20854853||ctattgcttgacag||>cg0228_amtR_1 TF_locus_tag:cg0986  TF_role:R  Evidence:predicted PMID:14638415;16194241;20854853||cctgtttctatcaatcgttcgataataa||>cg0228_amtR_2 TF_locus_tag:cg0986  TF_role:R  Evidence:predicted PMID:14638415;16194241;20854853||ttactttcgatcaacctataggaaaacg||>cg0228_amtR_3 TF_locus_tag:cg0986  TF_role:R  Evidence:predicted PMID:14638415;16194241;20854853||cgaacgattgatag||>cg0228_amtR_4 TF_locus_tag:cg0986  TF_role:R  Evidence:predicted PMID:14638415;16194241;20854853||ctataggttgatcg||>cg0229_amtR_1 TF_locus_tag:cg0986  TF_role:R  Evidence:experimental PMID:11700347;16194241;16698104;20854853||cgttttcctataggttgatcgaaagtaa||>cg0229_amtR_2 TF_locus_tag:cg0986  TF_role:R  Evidence:experimental PMID:11700347;16194241;16698104;20854853||ttattatcgaacgattgatagaaacagg||>cg0229_amtR_3 TF_locus_tag:cg0986  TF_role:R  Evidence:experimental PMID:11700347;16194241;16698104;20854853||ctataggttgatcg||>cg0229_amtR_4 TF_locus_tag:cg0986  TF_role:R  Evidence:experimental PMID:11700347;16194241;16698104;20854853||cgaacgattgatag||>cg2181_amtR_1 TF_locus_tag:cg0986  TF_role:R  Evidence:experimental PMID:16194241;16698104;20854853||caaatttctatcaaactatagaaagata||>cg2181_amtR_2 TF_locus_tag:cg0986  TF_role:R  Evidence:experimental PMID:16194241;16698104;20854853||ctatcaaactatag||>cg2280_amtR_1 TF_locus_tag:cg0986  TF_role:R  Evidence:experimental + predicted PMID:16194241;19394370;20854853||tacaaaattgataaacctaaagaaattt||>cg2280_amtR_2 TF_locus_tag:cg0986  TF_role:R  Evidence:experimental + predicted PMID:16194241;19394370;20854853||tgataaacctaaag||>cg2280_amtR_3 TF_locus_tag:cg0986  TF_role:R  Evidence:experimental + predicted PMID:16194241;19394370;20854853||ctaaagaaattttc||>cg2280_amtR_4 TF_locus_tag:cg0986  TF_role:R  Evidence:experimental + predicted PMID:16194241;19394370;20854853||ctattaaccgttag||>cg2429_amtR_1 TF_locus_tag:cg0986  TF_role:R  Evidence:experimental PMID:11445173;16194241;16698104;20854853||aaagttttgatagatcgacaggtaatgc||>cg2429_amtR_2 TF_locus_tag:cg0986  TF_role:R  Evidence:experimental PMID:11445173;16194241;16698104;20854853||tgatagatcgacag||>cg2429_amtR_3 TF_locus_tag:cg0986  TF_role:R  Evidence:experimental PMID:11445173;16194241;16698104;20854853||ctatcaaaactttt||>cg1061_amtR_1 TF_locus_tag:cg0986  TF_role:R  Evidence:experimental PMID:15516578;16194241;16698104;20854853||caactacctataggctgacagaaactct||>cg1061_amtR_2 TF_locus_tag:cg0986  TF_role:R  Evidence:experimental PMID:15516578;16194241;16698104;20854853||ctaaaaactatagagctatagaaacttt||>cg1061_amtR_3 TF_locus_tag:cg0986  TF_role:R  Evidence:experimental PMID:15516578;16194241;16698104;20854853||ctataggctgacag||>cg1061_amtR_4 TF_locus_tag:cg0986  TF_role:R  Evidence:experimental PMID:15516578;16194241;16698104;20854853||ctatagagctatag||>cg1785_amtR_1 TF_locus_tag:cg0986  TF_role:R  Evidence:experimental PMID:10972815;16194241;16698104;20854853||cagaaatctatagaacgataggtaaaa||>cg1785_amtR_2 TF_locus_tag:cg0986  TF_role:R  Evidence:experimental PMID:10972815;16194241;16698104;20854853||ggtttatctatagcggaatagaaaatac||>cg1785_amtR_3 TF_locus_tag:cg0986  TF_role:R  Evidence:experimental PMID:10972815;16194241;16698104;20854853||ctatcgttctatag||>cg1785_amtR_4 TF_locus_tag:cg0986  TF_role:R  Evidence:experimental PMID:10972815;16194241;16698104;20854853||ctattccgctatag||>cg1295_amtR_1 TF_locus_tag:cg0986  TF_role:R  Evidence:experimental PMID:16194241;16698104;20854853||ctagtatctatagattgatagaaaataa||>cg1295_amtR_2 TF_locus_tag:cg0986  TF_role:R  Evidence:experimental PMID:16194241;16698104;20854853||ctatcaatctatag||>cg1296_amtR_1 TF_locus_tag:cg0986  TF_role:R  Evidence:experimental PMID:16194241;16698104;20854853||ttattttctatcaatctatagatactag||>cg1296_amtR_2 TF_locus_tag:cg0986  TF_role:R  Evidence:experimental PMID:16194241;16698104;20854853||ctatcaatctatag||>cg2136_amtR_1 TF_locus_tag:cg0986  TF_role:R  Evidence:experimental PMID:14638415;16194241;16698104;20854853||gcaatatctatcatgtgataggtaaatt||>cg2136_amtR_2 TF_locus_tag:cg0986  TF_role:R  Evidence:experimental PMID:14638415;16194241;16698104;20854853||ctatcatgtgatag||>cg0113_amtR_1 TF_locus_tag:cg0986  TF_role:R  Evidence:experimental PMID:15516578;16194241;16698104;20854853||ctacatctgcatat||>cg0113_amtR_2 TF_locus_tag:cg0986  TF_role:R  Evidence:experimental PMID:15516578;16194241;16698104;20854853||ggggtagatatgcagatgtagcgctact||>cg2261_amtR_1 TF_locus_tag:cg0986  TF_role:R  Evidence:experimental PMID:10972815;16194241;16698104;20854853||aaattacctgttaaactatagaaaatat||>cg2261_amtR_2 TF_locus_tag:cg0986  TF_role:R  Evidence:experimental PMID:10972815;16194241;16698104;20854853||ttagtttctgtaggtctatagttagagc||>cg2261_amtR_3 TF_locus_tag:cg0986  TF_role:R  Evidence:experimental PMID:10972815;16194241;16698104;20854853||ctatagtttaacag||>cg2261_amtR_4 TF_locus_tag:cg0986  TF_role:R  Evidence:experimental PMID:10972815;16194241;16698104;20854853||ctatagacctacag||>cg2261_amtR_5 TF_locus_tag:cg0986  TF_role:R  Evidence:experimental PMID:10972815;16194241;16698104;20854853||ctatagaataggtt||>cg1256_amtR TF_locus_tag:cg0986  TF_role:R  Evidence:experimental PMID:19041910;20854853||ctatcggcctatca
cg0993	1	1	16	cg0993	HTH_20	>CAF19576.1 Bacterial regulatory protein, arsR fam [Corynebacterium glutamicum ATCC 13032]||MLSSKDLPIYQRKADLFKGLAHPYRIRALEIIATNNEVSVGQITKEMDLEASHVSQHLKVLRKFGLVSSQ||REGLVVYYRLTYPEVADFLKVSRSLLKRMAGEDA	>cg0993_cg0993 TF_locus_tag:cg0993  TF_role:R  Evidence:predicted PMID:||atgatggatccgtcat
cg1032	2	1	16	cg1032	HTH_20	>CAF19612.1 Bacterial regulatory protein, arsR family [Corynebacterium glutamicum ATCC 13032]||MLTIASRLDVMNRLGRAMADPTRSRILLALLEGPAYPAALAQDLELTRSNVSNHLACLRDCGIVVAEPQG||RQTRYEIVDAHLAQALNALLDITLAVDDNAECIDAGCAVPGCVTGQESA	>cg1032_cg1032_1 TF_locus_tag:cg1032  TF_role:R  Evidence:experimental PMID:||ttcagcaacagctgta||>cg1032_cg1032_2 TF_locus_tag:cg1032  TF_role:R  Evidence:experimental PMID:||ttcagcgcatgctgac
cg1053	1	1	17	cg1053	TetR_N	>CAF19629.1 PUTATIVE TETR-FAMILY TRANSCRIPTIONAL REGULATOR [Corynebacterium glutamicum ATCC 13032]||MSGLRETKKAATRTALSRAAAEIALMEGPEAFTVAAIAAAAGVSPRTFHNYFPSREDALVQFVVIRVQEL||TDQLYEFPTSVPPRDAIEQLVINQLRDGDDAMDSFSAMFRIGEILENLDPIKCVIDKERLIAPLLEFMVE||RDKDLDKFDAATLIHLHAAAIATSLHTFYQASEPRDIEDGVALIRRACAWIKK	>cg1054_cg1053 TF_locus_tag:cg1053  TF_role:R  Evidence:experimental PMID:||ttgcgctcgttgtgcaa
cg1120	13	7	18	cg1120	HTH_18	>CAF19689.1 AraC-type DNA-binding domain-containing protein [Corynebacterium glutamicum ATCC 13032]||MSSASLLWCHSGVSTVRFGERIFTLVAGDLLFAPEEAQVADDSQGLVLNIRFETLNIMGPARRIHLGHVW||NDRLTFEYSRSLFGKETLSPDIARLFTDRVPTPPLPAPRKARAVAQVLVSNPADQTSLEEFAEIQGVSAR||TLQRQFLKSTGYSFSEWRAAQRVCVAASLLAHDFSISVVANLVGFAATSSLTRAFRRHTGATPSTFTTGQ||IGMGSAGHPPRIPATTTFAEAHQDQQLWIYSGTATVTTPGYCRFMGQGDMVTIPAGTQTRIDVAAGSIAF||PVPVGLDEWGMDLTRVVAVNNQQPKPLTILEQSEWSKLSEELLNTPVPVQM	>cg0445_cg1120_1 TF_locus_tag:cg1120  TF_role:R  Evidence:experimental PMID:16179344||atgagcgtcaaacgacaa||>cg0445_cg1120_2 TF_locus_tag:cg1120  TF_role:R  Evidence:experimental PMID:16179344||gggagcgccccgtgactg||>cg1487_cg1120 TF_locus_tag:cg1120  TF_role:R  Evidence:experimental PMID:16179344||ttgggcgggaggtgacat||>cg2636_cg1120 TF_locus_tag:cg1120  TF_role:R  Evidence:experimental PMID:16179344||tgaagcggtgtgtgacat||>cg1345_cg1120_1 TF_locus_tag:cg1120  TF_role:R  Evidence:experimental PMID:16179344||taaagtgaattacgacac||>cg1345_cg1120_2 TF_locus_tag:cg1120  TF_role:R  Evidence:experimental PMID:16179344||agaggcatcacgtgacac||>cg3048_cg1120_1 TF_locus_tag:cg1120  TF_role:R  Evidence:experimental PMID:16179344||ttgtcacgctgcgcgctt||>cg3048_cg1120_2 TF_locus_tag:cg1120  TF_role:R  Evidence:experimental PMID:16179344||acaagcctgaagtgtcat||>cg0310_cg1120_1 TF_locus_tag:cg1120  TF_role:R  Evidence:experimental PMID:16179344||gggggcgtgccatgtcgt||>cg0310_cg1120_2 TF_locus_tag:cg1120  TF_role:R  Evidence:experimental PMID:16179344||aggagcgcgctgcgaagc||>cg0310_cg1120_3 TF_locus_tag:cg1120  TF_role:R  Evidence:experimental PMID:16179344||ggtggcgcgaagtgacat||>cg1737_cg1120_1 TF_locus_tag:cg1120  TF_role:R  Evidence:experimental PMID:16179344;18285691||aagagcgggaaccgactt||>cg1737_cg1120_2 TF_locus_tag:cg1120  TF_role:R  Evidence:experimental PMID:16179344;18285691||aagtcacatcacgcacgt
cg1211	4	2	17	cg1211	HTH_MARR	>CAF19769.1 PUTATIVE MARR-FAMILY TRANSCRIPTIONAL REGULATOR [Corynebacterium glutamicum ATCC 13032]||MSTDPEEFDQAETLDQLAYEIILLTRYGVQNTPTNKREAIMDRSALILLTRLDAQGPMTVNELAESFGLN||VSTVHRQLKAAIANGLIEVVDDQACPAKLHRPTELGKEKLQQELLARQQDLTRILHDWDEEDIKTHAKLL||RKHNESLEEYLDMKWPRP	>cg1211_cg1211_1 TF_locus_tag:cg1211  TF_role:R  Evidence:predicted PMID:||tattgcatcatgcaaca||>cg1211_cg1211_2 TF_locus_tag:cg1211  TF_role:R  Evidence:predicted PMID:||tattgcatcatgcaatt||>cg1212_cg1211_1 TF_locus_tag:cg1211  TF_role:R  Evidence:predicted PMID:||aattgcatgatgcaata||>cg1212_cg1211_2 TF_locus_tag:cg1211  TF_role:R  Evidence:predicted PMID:||tgttgcatgatgcaata
cg1218	2	1	21	cg1218		>CAF19775.1 ADP-ribose pyrophosphatase [Corynebacterium glutamicum ATCC 13032]||MPASPEIQMAVSTIIFALRPGPQDLPSLWAPFVPRTREPHLNKWALPGGWLPPHEELEDAAARTLAETTG||LHPSYLEQLYTFGKVDRSPTGRVISVVYWALVRADEALKAIPGENVQWFPADHLPELAFDHNNIVKYALE||RLRTKVEYSEIAHSFLGETFTIAQLRSVHEAVLGHKLDAANFRRSVATSPDLIDTGEVLAGTPHRPPKLF||RFQR	>cg1218_cg1218_1 TF_locus_tag:cg1218  TF_role:R  Evidence:experimental + predicted PMID:18276643;20601509;22301909||ttagagtcaaagtgactgtaa||>cg1218_cg1218_2 TF_locus_tag:cg1218  TF_role:R  Evidence:experimental + predicted PMID:18276643;20601509;22301909||ttaaagtcagattgaccctaa
cg1308	3	2	20-29	cg1308	TetR_N	>CAF19861.1 Bacterial regulatory proteins, tetR family [Corynebacterium glutamicum ATCC 13032]||MPTPSQHKDASTAQTDNQVPTGRRAQKREQTRARLITSARTLMAERGVDNVGIAEITEGANIGTGTFYNY||FPDREQLLQAVAEDAFESVGIALDQVLTKLDDPAEVFAGSLRHLVRHSLEDRIWGGFFIQMGAAHPVLMR||ILGPRARRDLLHGLETGRFTIEDLDLATTCTFGSLIAAIQMALSADQDSNDDKDQIFAAAMLRMVGVQAA||EAREIASRPLPEISPVKPQ	>cg1308_cg1308 TF_locus_tag:cg1308  TF_role:R  Evidence:experimental PMID:22706057||aaaatctgaacccttgttcatttatgaat||>cg1309_cg1308_1 TF_locus_tag:cg1308  TF_role:R  Evidence:experimental PMID:16963551;17183485;21559286;22706057||ttatgaatcatgattcagaa||>cg1309_cg1308_2 TF_locus_tag:cg1308  TF_role:R  Evidence:experimental PMID:16963551;17183485;21559286;22706057||aaaatctgaacccttgttcatttatgaat
cg1324	12	10	18	cg1324	HTH_MARR	>CAF19875.1 PUTATIVE MARR-FAMILY REGULATORY PROTEIN [Corynebacterium glutamicum ATCC 13032]||MTTPRWLSTEEQQLWRMILSATRKMERTLDETLVENHNLTTSEFAVLVTLSEATGQQMRLRDMCQELDWD||RSRTSHQVTRMDKKGLVAKVKCAGDARGVNVEITPEGERRLKDAVPAHVETVRQLVFDPMEERHMEGLRS||YLTAVLNSNTCIEINNQRAAEL	>cg3236_cg1324 TF_locus_tag:cg1324  TF_role:R  Evidence:predicted PMID:||ttgttgatattgcaacga||>cg1322_cg1324 TF_locus_tag:cg1324  TF_role:R  Evidence:experimental PMID:20643656||ttgttgacacatcatcaa||>cg1324_cg1324_1 TF_locus_tag:cg1324  TF_role:R  Evidence:experimental PMID:20643656||ttgatgatgtgtcaacaa||>cg1324_cg1324_2 TF_locus_tag:cg1324  TF_role:R  Evidence:experimental PMID:20643656||taggtgatatgacaacac||>cg1426_cg1324 TF_locus_tag:cg1324  TF_role:R  Evidence:experimental PMID:20643656||ttgttgacatatcatcta||>cg1848_cg1324_1 TF_locus_tag:cg1324  TF_role:R  Evidence:experimental PMID:20643656||ttgttgacgcatccatta||>cg1848_cg1324_2 TF_locus_tag:cg1324  TF_role:R  Evidence:experimental PMID:20643656||ttggtgacatatcaacaa||>cg2329_cg1324 TF_locus_tag:cg1324  TF_role:R  Evidence:experimental PMID:20643656||ttgttgatatatctacaa||>cg3084_cg1324 TF_locus_tag:cg1324  TF_role:R  Evidence:experimental PMID:20643656||ttgttgatatgtcaacaa||>cg1150_cg1324 TF_locus_tag:cg1324  TF_role:R  Evidence:experimental PMID:20643656||ttgttgatacatcaactt||>cg1345_cg1324 TF_locus_tag:cg1324  TF_role:A  Evidence:experimental PMID:20643656||atgttgatataagcacaa||>cg3237_cg1324 TF_locus_tag:cg1324  TF_role:R  Evidence:predicted PMID:20643656||tcgttgcaatatcaacaa
cg1340	3	3	10	cg1340	HTH_20	>CAF19889.1 conserved hypothetical protein [Corynebacterium glutamicum ATCC 13032]||MTTQTAPTAASDLFAESYKLSPKQREVLDALQTFPDGARAIDVAKKLDLHVNTARGHLEELVAKEAIRVV||TAAAKGRGRPSLIFQTRVPDNRAVAKEYITLIELMANMLGDVDDDAMHNPDLRAKALSIGTQWAHVMGIN||HAEAEELDEALSPLINRLREMGFDPTETEEANSLALHSCPFVVNDKRPSAFVCAIHAGFIQESLGENNRI||QLELKPLNAPGTCKVHVFSE	>cg1340_cg1340 TF_locus_tag:cg1340  TF_role:A  Evidence:experimental PMID:18296524;24142248||tatttaatta||>cg3141_cg1340 TF_locus_tag:cg1340  TF_role:R  Evidence:experimental PMID:18296524;24142248||tatttaatta||>cg1345_cg1340 TF_locus_tag:cg1340  TF_role:R  Evidence:experimental PMID:18296524;24142248||taattaaata
cg1410	4	3	14	cg1410	HTH_LacI	>CAF19954.1 LACI-FAMILY TRANSCRIPTIONAL REGULATOR, PROBABLE CATABOLITE CONTROL PROTEIN [Corynebacterium glutamicum ATCC 13032]||MASETSSPKKRATTLKDIAQATQLSVSTVSRALANNASIPESTRIRVVEAAQKLNYRPNAQARALRKSRT||DTIGVIIPNIENPYFSSLAASIQKAAREAGVSTILSNSEENPELLGQTLAIMDDQRLDGIIVVPHIQSEE||QVTDLVNRGVPVVLADRSFVNSSIPSVTSDPVPGMTEAVDLLLAADVQLGYLAGPQDTSTGQLRLNTFER||LCVDRGIVGASVYYGGYRQESGYDGIKVLIKQGANAIIAGDSMMTIGALLALHEMNLKIGEDVQLIGFDN||NPIFRLQNPPLSIIDQHVQEIGKRAFEILQKLINGDTAQKSVVIPTQLSINGSTAVSQKAAAKAAKAAQK||AAAKAAQNTQHEVSLDGEL	>cg2554_cg1410 TF_locus_tag:cg1410  TF_role:R  Evidence:experimental PMID:19118356||tgaaaacgtttgca||>cg1547_cg1410_1 TF_locus_tag:cg1410  TF_role:R  Evidence:experimental PMID:19118356||tgtaatcgtttgca||>cg1547_cg1410_2 TF_locus_tag:cg1410  TF_role:R  Evidence:experimental PMID:19118356||agcaatcgattaca||>cg1410_cg1410 TF_locus_tag:cg1410  TF_role:R  Evidence:experimental PMID:19118356||tgcaatcgattgca
lysG	2	2	13	cg1425	HTH_1	>CAF19966.1 TRANSCRIPTIONAL REGULATOR, LYSR FAMILY [Corynebacterium glutamicum ATCC 13032]||MNPIQLDTLLSIIDEGSFEGASLALSISPSAVSQRVKALEHHVGRVLVSRTQPAKATEAGEVLVQAARKM||VLLQAETKAQLSGRLAEIPLTIAINADSLSTWFPPVFNEVASWGGATLTLRLEDEAHTLSLLRRGDVLGA||VTREANPVAGCEVVELGTMRHLAIATPSLRDAYMVDGKLDWAAMPVLRFGPKDVLQDRDLDGRVDGPVGR||RRVSIVPSAEGFGEAIRRGLGWGLLPETQAAPMLKAGEVILLDEIPIDTPMYWQRWRLESRSLARLTDAV||VDAAIEGLRP	>cg1425_lysG TF_locus_tag:cg1425  TF_role:R  Evidence:predicted PMID:||tgaaccccattca||>cg1424_lysG TF_locus_tag:cg1425  TF_role:A  Evidence:experimental PMID:11429454;8971704||tgaatggggttca
cg1486	3	3	12	cg1486	HTH_IclR	>CAF20013.1 Bacterial regulatory proteins, IclR family [Corynebacterium glutamicum ATCC 13032]||MGQQEIIEDSTESGIKVLDRTVLILNVIAEQPRSLAELAAATDLPRATAHRLASALEVHGMLARSRDNRW||TIGARLASLGARGADTLIDTAVPIMADLMERTGESVQLYRLTGTTRTCVASQEPSSGLKNVVPVGTRMPL||NAGSAARVFAAYLPIPSASVFSREELDQVRASGLAESVGERELGLASLSSPVFDSNGSMIAALSISGVAE||RLKPHPAAMWGTELIDAAERLGALL	>cg1487_cg1486 TF_locus_tag:cg1486  TF_role:R  Evidence:experimental PMID:17259312||catatagtgaga||>cg1453_cg1486 TF_locus_tag:cg1486  TF_role:R  Evidence:experimental PMID:17259312||catatagtgaga||>cg3359_cg1486 TF_locus_tag:cg1486  TF_role:R  Evidence:experimental PMID:17259312||cacatagtggga
ccpA1	4	3	14	cg1547	HTH_LacI	>CAF21377.1 PROBABLE LACI-FAMILY TRANSCRIPTIONAL REGULATOR [Corynebacterium glutamicum ATCC 13032]||MATEKFRPTLKDVARQAGVSIATASRALADNPAVAASTRERIQQLASDLGYRANAQARALRSSRSNTIGV||IVPSLINHYFAAMVTEIQSTASKAGLATIITNSNEDATTMSGSLEFLTSHGVDGIICVPNEECANQLEDL||QKQGMPVVLVDRELPGDSTIPTATSNPQPGIAAAVELLAHNNALPIGYLSGPMDTSTGRERLEDFKAACA||NSKIGEQLVFLGGYEQSVGFEGATKLLDQGAKTLFAGDSMMTIGVIEACHKAGLVIGKDVSVIGFDTHPL||FALQPHPLTVIDQNVEQLAQRAVSILTELIAGTVPSVTKTTIPTALIHRESIINSTLRKKDGLPNE	>cg1410_ccpA1 TF_locus_tag:cg1547  TF_role:R  Evidence:experimental PMID:19118356||tgcaatcgattgca||>cg1547_ccpA1_1 TF_locus_tag:cg1547  TF_role:R  Evidence:experimental PMID:18375800||tgtaatcgtttgca||>cg1547_ccpA1_2 TF_locus_tag:cg1547  TF_role:R  Evidence:experimental PMID:18375800||agcaatcgattaca||>cg2554_ccpA1 TF_locus_tag:cg1547  TF_role:R  Evidence:experimental + predicted PMID:18375800||tgaaaacgtttgca
cg1552	6	2	16-17	cg1552	HxlR	>CAF21382.1 Predicted transcriptional regulator [Corynebacterium glutamicum ATCC 13032]||MDISPIQQPANVFSSMCSSRGALQHVTGRWGSLTMVALKRSDEPMRFAEIRRKVEGISDRMLSQTLAQLE||RDGMVDRTVHSSIPPHVDYTLTPLGTKLADALVLLVSTVEAELDQVVRAQEIYDKQH	>cg1553_cg1552_1 TF_locus_tag:cg1552  TF_role:R  Evidence:experimental PMID:19403527||acttactttttgatagt||>cg1553_cg1552_2 TF_locus_tag:cg1552  TF_role:R  Evidence:experimental PMID:19403527||tctaacaaaagtattg||>cg1553_cg1552_3 TF_locus_tag:cg1552  TF_role:R  Evidence:experimental PMID:19403527||tcttcatttgtgtactt||>cg1552_cg1552_1 TF_locus_tag:cg1552  TF_role:R  Evidence:experimental PMID:19403527||tctaacaaaagtattg||>cg1552_cg1552_2 TF_locus_tag:cg1552  TF_role:R  Evidence:experimental PMID:19403527||acttactttttgatagt||>cg1552_cg1552_3 TF_locus_tag:cg1552  TF_role:R  Evidence:experimental PMID:19403527||tcttcatttgtgtactt
argR	5	2	13	cg1585	Arg_repressor	>CAF21410.1 ARGININE REPRESSOR [Corynebacterium glutamicum ATCC 13032]||MSLGSTPSTPENLNPVTRTARQALILQILDKQKVTSQVQLSELLLDEGIDITQATLSRDLDELGARKVRP||DGGRAYYAVGPVDSIAREDLRGPSEKLRRMLDELLVSTDHSGNIAMLRTPPGAAQYLASFIDRVGLKEVV||GTIAGDDTVFVLARDPLTGKELGELLSGRTT	>cg1814_argR_1 TF_locus_tag:cg1585  TF_role:R  Evidence:predicted PMID:||tgcatagtatgca||>cg1814_argR_2 TF_locus_tag:cg1585  TF_role:R  Evidence:predicted PMID:||tgcatataatgca||>cg1814_argR_3 TF_locus_tag:cg1585  TF_role:R  Evidence:predicted PMID:||tgaataaactaca||>cg1580_argR_1 TF_locus_tag:cg1585  TF_role:R  Evidence:experimental PMID:21559975||tgaataatttgca||>cg1580_argR_2 TF_locus_tag:cg1585  TF_role:R  Evidence:experimental PMID:21559975||tgcataacgtgta
cg1704	2	2	28-32	cg1704	HTH_20	>CAF21518.2 Bacterial regulatory proteins, ArsR family [Corynebacterium glutamicum ATCC 13032]||MTTLHTIQLANPTECCTLATGPLSSDESEHYADLFKVLGDPVRLRILSQLAAGGCGPVSVNELTDLMGLS||QPTISHHLKKMTEAGFLDRVPEGRVVLHRVRPELFAELRTVLQIGSMEL	>cg0318_cg1704 TF_locus_tag:cg1704  TF_role:R  Evidence:experimental PMID:||atgtccgtcattatatatagacgcacat||>cg1705_cg1704 TF_locus_tag:cg1704  TF_role:R  Evidence:experimental PMID:16204540;17061211;18591244||tgtcgatattgaaagtattttgaatatcgaca
cg1738	1	1	16	cg1738	TetR_N	>CAF21549.1 TRANSCRIPTIONAL REGULATOR, TETR FAMILY [Corynebacterium glutamicum ATCC 13032]||MSVAAGDKPTNSRQEILEGARRCFAEHGYEGATVRRLEEATGKSRGAIFHHFGDKENLFLALAREDAARM||AEVVSENGLVEVMRGMLEDPERYDWMSVRLEISKQLRTDPVFRAKWIDHQSVLDEAVRVRLSRNVDKGQM||RTDVPIEVLHTFLETVLDGFISRLATGASTEGLSEVLDLVEGTVRKRD	>cg1737_cg1738 TF_locus_tag:cg1738  TF_role:R  Evidence:experimental PMID:15494411;18285691||cagaacgcttgtactg
cg1765	1	1	24	cg1765	HTH_20	>CAF21574.1 Predicted transcriptional regulator [Corynebacterium glutamicum ATCC 13032]||MGDVVKGNDAHTGDGDTRRKILLILLERAPVIASDIAEQLQLSTVGVRRHLDNLVEENLAEAANPRQNPY||EPKMRGRPAKTYRLTDKGRSIFGHEYDSLAAAALATLREVGGDDAVRQFARKRIETIVEGITPADVTDQS||IEDTAKSLVEAFSRHGYAATVDATRNGLQLCQHHCPISTVATEFPELCEAEHQAVSELLGQHTQPLATIA||DGHGICTTNIPLTPIKHS	>cg1765_cg1765 TF_locus_tag:cg1765  TF_role:R  Evidence:experimental PMID:17483229||ttagggaacacttgtgttgtctaa
pyrR	1	1	24	cg1817		>CAF21622.1 Pyrimidine operon attenuation protein/uracil phosphoribosyltransferase [Corynebacterium glutamicum ATCC 13032]||MQNWTSFNGPHREAGKEVTMSERNSAVLELLNEDDVSRTIARIAHQIIEKTALDSKDADRVMLLGIPSGG||VPLARRLAEKIEEFSGVSVDTGAVDITLYRDDLRNKPHRALQPTSIPAGGIDNTTVILVDDVLFSGRTIR||AALDALRDVGRPNYIQLAVLVDRGHRQLPIRADYVGKNLPTARAEDVSVMLTEIDGRDAVTLTREDSEGD||S	>cg1817_pyrR TF_locus_tag:cg1817  TF_role:R  Evidence:experimental PMID:26260458||cggaccgcacagagaggcggggaa
cg1831	2	2	20	cg1831	HTH_20	>CAF21634.1 Bacterial regulatory protein, arsR family [Corynebacterium glutamicum ATCC 13032]||MEHQPHLLKLADEWAPTFKMLGDRTRLRLLIALHYHGPGEATVSELADIVGVTLPTASAALQLLADNGVV||ESFKEGRVTRYKLVDATTHTLLHHLGGTHRH	>cg1831_cg1831 TF_locus_tag:cg1831  TF_role:R  Evidence:predicted PMID:||actcaaatgatcatttgact||>cg1832_cg1831 TF_locus_tag:cg1831  TF_role:R  Evidence:predicted PMID:||agtcaaatgatcatttgagt
cg1846	2	2	20	cg1846	TetR_N	>CAF21649.1 Bacterial regulatory proteins, tetR family [Corynebacterium glutamicum ATCC 13032]||MRADALKRREHIITTTCNLYRTHHHDSLTMENIAEQAGVGVATLYRNFPDRFTLDMACAQYLFNVVISLQ||LQAISTFPTDPEGVWTSFNQLLFDRGLGSLVPALAPESLDDLPDEVSALRRTTEKNTTTLINLAKQHGLV||HHDIAPGTYIVGLITISRPPITALATISENSHKALLGLYLSGLKHGMMANIGEHDGKS	>cg1845_cg1846 TF_locus_tag:cg1846  TF_role:R  Evidence:experimental PMID:||gttgtcctctagttgacagc||>cg1846_cg1846 TF_locus_tag:cg1846  TF_role:R  Evidence:experimental PMID:||gctgtcaactagaggacaac
cg1935	4	4	15	cg1935	GntR	>CAF20101.1 Bacterial regulatory protein, GntR family [Corynebacterium glutamicum ATCC 13032]||MSAALPHTAADPVHTTPAKPLLDHVLDSLGRSIISGEMEAGSTFKLQDIGEKFGISRTVAREAMRALEQL||GLVASSRRIGITVLSHEHWAVFDKAIIRWRLEDERQREQQLQSLTELRIAIEPIAARSVALHASSAEIAI||IGDLAARMRNLGEAGRGASQEFLDADVKFHELILQYCHNEMFAAMAPPIKAVLVGRTTLGLQPDRPAEEV||LDNHDALAHALSVRNADLAEKASRSILNEVRDALTS	>cg1537_cg1935 TF_locus_tag:cg1935  TF_role:A  Evidence:experimental PMID:18047570||aaaagtattaccttt||>cg1643_cg1935 TF_locus_tag:cg1935  TF_role:R  Evidence:experimental PMID:18047570||attgatcgtacttga||>cg3216_cg1935 TF_locus_tag:cg1935  TF_role:R  Evidence:experimental PMID:18047570||tttgatcatactaat||>cg2732_cg1935 TF_locus_tag:cg1935  TF_role:R  Evidence:experimental PMID:18047570||tatgatagtaccaat
sigA	10	6	10-13	cg2092		>CAF20251.1 RNA POLYMERASE SIGMA 70 FACTOR [Corynebacterium glutamicum ATCC 13032]||MVENNVAKKTVAKKTARKTARKAAPRVATPLGVASESPISATPARSIDGTSTPVEAADTIETTAPAAKAP||AAKAPAKKVAKKTARKAPAKKTVAKKATTAKAAPATAKDENAPVDDDEENLAQDEQDFDGDDFVDGIEDE||EDEDGVEALGEESEDDEEDGSSVWDEDESATLRQARKDAELTASADSVRAYLKQIGKVALLNAEQEVSLA||KRIEAGLYATHRMEEMEEAFAAGDKDAKLTPAVKRDLRAIARDGRKAKNHLLEANLRLVVSLAKRYTGRG||MAFLDLIQEGNLGLIRAVEKFDYSKGYKFSTYATWWIRQAITRAMADQARTIRIPVHMVEVINKLGRIQR||ELLQELGREPTPQELSKEMDISEEKVLEIQQYAREPISLDQTIGDEGDSQLGDFIEDSEAVVAVDAVSFT||LLQDQLQDVLETLSEREAGVVKLRFGLTDGMPRTLDEIGQVYGVTRERIRQIESKTMSKLRHPSRSQVLR||DYLD	>cg0095_sigA_1 TF_locus_tag:cg2092  TF_role:A  Evidence:experimental PMID:22178235||tgaacactgttca||>cg0095_sigA_2 TF_locus_tag:cg2092  TF_role:A  Evidence:experimental PMID:22178235||tgaacagtgttca||>cg0146_sigA_1 TF_locus_tag:cg2092  TF_role:A  Evidence:experimental PMID:21655984||ctaacaacat||>cg0146_sigA_2 TF_locus_tag:cg2092  TF_role:A  Evidence:experimental PMID:21655984||ctaacataaa||>cg0146_sigA_3 TF_locus_tag:cg2092  TF_role:A  Evidence:experimental PMID:21655984||ctaacaacaa||>cg0146_sigA_4 TF_locus_tag:cg2092  TF_role:A  Evidence:experimental PMID:21655984||tcaacaaaat||>cg2885_sigA TF_locus_tag:cg2092  TF_role:A  Evidence:experimental PMID:22178235||tgaacactgttca||>cg0897_sigA TF_locus_tag:cg2092  TF_role:A  Evidence:experimental PMID:20847010||tagaccacttt||>cg0898_sigA TF_locus_tag:cg2092  TF_role:A  Evidence:experimental PMID:20847010||tagtccacttt||>cg2147_sigA TF_locus_tag:cg2092  TF_role:A  Evidence:experimental PMID:22178235||tgaacactgttca
dtxR	33	33	19	cg2103	HTH_MARR	>CAF20261.1 IRON DEPENDENT REGULATORY PROTEIN-DTXR HOMOLOG [Corynebacterium glutamicum ATCC 13032]||MKDLVDTTEMYLRTIYELEEEGIVPLRARIAERLEQSGPTVSQTVARMERDGLVHVSPDRSLEMTPEGRS||LAIAVMRKHRLAERLLTDIIGLDIHKVHDEACRWEHVMSDEVERRLVEVLDDVHRSPFGNPIPGLGEIGL||DQADEPDSGVRAIDLPLGENLKARIVQLNEILQVDLEQFQALTDAGVEIGTEVDIINEQGRVVITHNGSS||VELIDDLAHAVRVEKVEG	>cg0591_dtxR TF_locus_tag:cg2103  TF_role:R  Evidence:experimental PMID:16469103||ttagtaaaggctcacctaa||>cg0748_dtxR TF_locus_tag:cg2103  TF_role:R  Evidence:experimental PMID:16469103||ataggataggttaacctga||>cg0771_dtxR TF_locus_tag:cg2103  TF_role:R  Evidence:experimental PMID:16469103||gtcgggcagcctaacctaa||>cg1120_dtxR TF_locus_tag:cg2103  TF_role:R  Evidence:experimental PMID:16179344;16469103||tgaggttagcgtaacctac||>cg1405_dtxR TF_locus_tag:cg2103  TF_role:R  Evidence:experimental PMID:16469103||ttttgttaggcttgcctag||>cg3119_dtxR TF_locus_tag:cg2103  TF_role:R  Evidence:experimental PMID:16469103||ttaggttaggttcaccgtg||>cg3156_dtxR TF_locus_tag:cg2103  TF_role:R  Evidence:experimental PMID:16469103||taaggcaagcctaaattag||>cg0470_dtxR TF_locus_tag:cg2103  TF_role:R  Evidence:experimental PMID:16469103||ttaggttaagctaatctag||>cg0527_dtxR TF_locus_tag:cg2103  TF_role:R  Evidence:experimental PMID:16469103||ttaggcttgccatacctat||>cg0922_dtxR TF_locus_tag:cg2103  TF_role:R  Evidence:experimental PMID:16469103||taaggtttgcctaatcttt||>cg0924_dtxR TF_locus_tag:cg2103  TF_role:R  Evidence:experimental PMID:16469103||ttaggtaacctaacctcac||>cg0926_dtxR TF_locus_tag:cg2103  TF_role:R  Evidence:experimental PMID:16469103||ttaggttaggctctaatat||>cg0955_dtxR TF_locus_tag:cg2103  TF_role:R  Evidence:experimental PMID:16469103||ttacgtgagcgtagccgaa||>cg1996_dtxR TF_locus_tag:cg2103  TF_role:R  Evidence:experimental PMID:16469103||ttaggattctctcaactaa||>cg2234_dtxR TF_locus_tag:cg2103  TF_role:R  Evidence:experimental PMID:16469103||ttaggcaaggctacctttt||>cg2311_dtxR TF_locus_tag:cg2103  TF_role:R  Evidence:experimental PMID:16469103||tcaagtaaggtttacctta||>cg2445_dtxR TF_locus_tag:cg2103  TF_role:R  Evidence:experimental PMID:16469103||gtaggtgtgggtaacctaa||>cg2782_dtxR TF_locus_tag:cg2103  TF_role:A  Evidence:experimental PMID:16469103||ttatgctgcgctaacctat||>cg2796_dtxR TF_locus_tag:cg2103  TF_role:R  Evidence:experimental PMID:16469103||gaaggcaagccaaacttaa||>cg0405_dtxR TF_locus_tag:cg2103  TF_role:R  Evidence:experimental PMID:16469103||taaggataaccttgcctta||>cg0466_dtxR TF_locus_tag:cg2103  TF_role:R  Evidence:experimental PMID:16469103||ttaagttagcatagcctta||>cg3118_dtxR TF_locus_tag:cg2103  TF_role:R  Evidence:experimental PMID:16469103||cacggtgaacctaacctaa||>cg3327_dtxR TF_locus_tag:cg2103  TF_role:A  Evidence:experimental PMID:16469103||tcaggataggacaacctaa||>cg3404_dtxR TF_locus_tag:cg2103  TF_role:R  Evidence:experimental PMID:16469103||ttgcgttaggatagcctaa||>cg0445_dtxR TF_locus_tag:cg2103  TF_role:A  Evidence:experimental PMID:16469103||taaagtaaggctatcctaa||>cg0465_dtxR TF_locus_tag:cg2103  TF_role:R  Evidence:experimental PMID:16469103||taaggctatgctaacttaa||>cg1418_dtxR TF_locus_tag:cg2103  TF_role:R  Evidence:experimental PMID:16469103||ttaggtaaggtttgcatac||>cg1642_dtxR TF_locus_tag:cg2103  TF_role:R  Evidence:experimental PMID:16469103||ttaggttaggcaagccata||>cg1930_dtxR TF_locus_tag:cg2103  TF_role:R  Evidence:experimental PMID:16469103||ttaggtaaagcttgcctat||>cg3082_dtxR TF_locus_tag:cg2103  TF_role:R  Evidence:experimental PMID:16469103||ttctgtgaggttaactttt||>cg3247_dtxR TF_locus_tag:cg2103  TF_role:R  Evidence:experimental PMID:16469103||atgagtaaggctagactaa||>cg3394_dtxR TF_locus_tag:cg2103  TF_role:R  Evidence:experimental PMID:16469103||ttaaggtaagttcagctaa||>cg0160_dtxR TF_locus_tag:cg2103  TF_role:R  Evidence:experimental PMID:16469103||aatggttaggctaacctta
oxyR	20	4	13-17	cg2109	HTH_1	>CAF20266.1 HYDROGEN PEROXIDE SENSING REGULATOR [Corynebacterium glutamicum ATCC 13032]||MSNKEYRPTLAQLRTFVTIAECKHFGTAATKLSISQPSLSQALVALETGLGVQLIERSTRKVIVTPAGEK||LLPFAKSTLDAAESFLSHAKGANGSLTGPLTVGIIPTAAPYILPSMLSIVDEEYPDLEPHIVEDQTKHLL||ALLRDGAIDVAMMALPSEAPGMKEIPLYDEDFIVVTASDHPFAGRQDLELSALEDLDLLLLDDGHCLHDQ||IVDLCRRGDINPISSTTAVTRASSLTTVMQLVVAGLGSTLVPISAIPWECTRPGLATANFNSDVTANRRI||GLVYRSSSSRAEEFEQFALILQRAFQEAVALAASTGITLKQNVAVAQ	>cg0310_oxyR_1 TF_locus_tag:cg2109  TF_role:R  Evidence:experimental PMID:23621709;25107507||tgtagactatcaa||>cg0310_oxyR_2 TF_locus_tag:cg2109  TF_role:R  Evidence:experimental PMID:23621709;25107507||tcaatcagactta||>cg0310_oxyR_3 TF_locus_tag:cg2109  TF_role:R  Evidence:experimental PMID:23621709;25107507||taatccataggta||>cg0310_oxyR_4 TF_locus_tag:cg2109  TF_role:R  Evidence:experimental PMID:23621709;25107507||taggtaaccctca||>cg0310_oxyR_5 TF_locus_tag:cg2109  TF_role:R  Evidence:experimental PMID:23621709;25107507||taaccctcataaa||>cg1301_oxyR_1 TF_locus_tag:cg2109  TF_role:R  Evidence:experimental PMID:23621709;25107507||taagaagctctta||>cg1301_oxyR_2 TF_locus_tag:cg2109  TF_role:R  Evidence:experimental PMID:23621709;25107507||tcttcgttttgta||>cg1301_oxyR_3 TF_locus_tag:cg2109  TF_role:R  Evidence:experimental PMID:23621709;25107507||ttttgtatcgata||>cg1301_oxyR_4 TF_locus_tag:cg2109  TF_role:R  Evidence:experimental PMID:23621709;25107507||ttgtatcgataaa||>cg1301_oxyR_5 TF_locus_tag:cg2109  TF_role:R  Evidence:experimental PMID:23621709;25107507||tttgtatcgataa||>cg1301_oxyR_6 TF_locus_tag:cg2109  TF_role:R  Evidence:experimental PMID:23621709;25107507||tcgataaatgcaatcga||>cg2782_oxyR_1 TF_locus_tag:cg2109  TF_role:R  Evidence:experimental PMID:23621709;25107507||tttattgccctaa||>cg2782_oxyR_2 TF_locus_tag:cg2109  TF_role:R  Evidence:experimental PMID:23621709;25107507||ttattgccctaaa||>cg2782_oxyR_3 TF_locus_tag:cg2109  TF_role:R  Evidence:experimental PMID:23621709;25107507||ttgccctaaatta||>cg2782_oxyR_4 TF_locus_tag:cg2109  TF_role:R  Evidence:experimental PMID:23621709;25107507||taaattatcgcca||>cg2782_oxyR_5 TF_locus_tag:cg2109  TF_role:R  Evidence:experimental PMID:23621709;25107507||tcatttagagaaa||>cg3327_oxyR_1 TF_locus_tag:cg2109  TF_role:R  Evidence:experimental PMID:23621709;25107507||taagcttaggcta||>cg3327_oxyR_2 TF_locus_tag:cg2109  TF_role:R  Evidence:experimental PMID:23621709;25107507||taagagtcggtga||>cg3327_oxyR_3 TF_locus_tag:cg2109  TF_role:R  Evidence:experimental PMID:23621709;25107507||tgacaatttatca||>cg3327_oxyR_4 TF_locus_tag:cg2109  TF_role:R  Evidence:experimental PMID:23621709;25107507||tcaagcagtgcta
cg2112	3	1	16	cg2112		>CAF20269.1 putative transcriptional regulator [Corynebacterium glutamicum ATCC 13032]||MYCPFCQHDHSKVIDSRVIDAGSAIRRRRECSKCEGRFTTIEKAVLLVVKRNGVTEPFSREKVVTGVRRA||CQGRDVSDDALKRLAQQVEETVRSNGSSQVRANDIGLAILDPLRELDEVAYLRFASVYKSFDSADDFEKE||IRLMRRRGRD	>cg2789_cg2112_1 TF_locus_tag:cg2112  TF_role:R  Evidence:predicted PMID:15949864||tcgctacatgtggtgg||>cg2789_cg2112_2 TF_locus_tag:cg2112  TF_role:R  Evidence:predicted PMID:15949864||ctactatatgtagtgc||>cg2789_cg2112_3 TF_locus_tag:cg2112  TF_role:R  Evidence:predicted PMID:15949864||ccacaaagtatagtgt
lexA	41	36	16	cg2114	LexA_DNA_bind	>CAF20271.1 PUTATIVE LEXA REPRESSOR TRANSCRIPTION REGULATOR PROTEIN [Corynebacterium glutamicum ATCC 13032]||MAIEKKPAGARGSRGSRTVKTLPNGKPDPASLSDRQRRILEVIRDAVVLRGYPPSIREIGDAAGLQSTSS||VAYQLKELEKKGFLRRDPNKPRAVDVRHLPETESRSSKAATQAKSKAPQAGVHDPELAGQTSFVPVVGKI||AAGSPITAEQNIEEYYPLPAEIVGDGDLFMLQVVGESMRDAGILTGDWVVVRSQPVAEQGEFVAAMIDGE||ATVKEFHKDSSGIWLLPHNDTFAPIPAENAEIMGKVVSVMRKL	>cg0834_lexA TF_locus_tag:cg2114  TF_role:A  Evidence:experimental PMID:19372162||acacaaacgtgttcga||>cg0898_lexA TF_locus_tag:cg2114  TF_role:A  Evidence:experimental PMID:19372162||tcaaaaaagtggtcta||>cg1080_lexA TF_locus_tag:cg2114  TF_role:R  Evidence:experimental PMID:19372162||atgaaaatttgtttga||>cg1288_lexA TF_locus_tag:cg2114  TF_role:R  Evidence:experimental PMID:19372162||tcgataatatgttcta||>cg1318_lexA TF_locus_tag:cg2114  TF_role:R  Evidence:experimental PMID:19372162||ttgaagatatgtacga||>cg1871_lexA TF_locus_tag:cg2114  TF_role:R  Evidence:experimental PMID:19372162||tcgcaattgtgtgcta||>cg2026_lexA TF_locus_tag:cg2114  TF_role:R  Evidence:experimental PMID:19372162||tagcacatattttcta||>cg2113_lexA TF_locus_tag:cg2114  TF_role:R  Evidence:experimental PMID:19372162||tcgaacatgtgaacgg||>cg2141_lexA TF_locus_tag:cg2114  TF_role:R  Evidence:experimental PMID:19372162||tcgaacagttgtgcgt||>cg2158_lexA TF_locus_tag:cg2114  TF_role:R  Evidence:experimental PMID:19372162||tagaaaacttggacga||>cg2277_lexA TF_locus_tag:cg2114  TF_role:R  Evidence:experimental PMID:19372162||tcgaaaacttttccga||>cg3345_lexA TF_locus_tag:cg2114  TF_role:R  Evidence:experimental PMID:19372162||ttacacatctgttcga||>cg0713_lexA TF_locus_tag:cg2114  TF_role:R  Evidence:experimental PMID:19372162||tggaacaggtgttcga||>cg0841_lexA TF_locus_tag:cg2114  TF_role:R  Evidence:experimental PMID:19372162||tcgaaagtatttccga||>cg1255_lexA TF_locus_tag:cg2114  TF_role:R  Evidence:experimental PMID:19372162||tcgaataaatgttcga||>cg0738_lexA TF_locus_tag:cg2114  TF_role:R  Evidence:experimental PMID:19372162||tggaaaatttgttcta||>cg0742_lexA TF_locus_tag:cg2114  TF_role:R  Evidence:experimental PMID:19372162||tcgaataagtgtccac||>cg0875_lexA TF_locus_tag:cg2114  TF_role:R  Evidence:experimental PMID:19372162||tagaacatatgtacca||>cg1059_lexA_1 TF_locus_tag:cg2114  TF_role:R  Evidence:experimental PMID:19372162||tcgaaagtgtgagcgg||>cg1059_lexA_2 TF_locus_tag:cg2114  TF_role:R  Evidence:experimental PMID:19372162||ttgaataagtgtttga||>cg1314_lexA TF_locus_tag:cg2114  TF_role:A  Evidence:experimental PMID:19372162||tcgtaaccttgtgcga||>cg1408_lexA TF_locus_tag:cg2114  TF_role:R  Evidence:experimental PMID:19372162||tcggacacatttttgc||>cg1427_lexA TF_locus_tag:cg2114  TF_role:R  Evidence:experimental PMID:19372162||ttgaacaaatgttcgg||>cg1559_lexA TF_locus_tag:cg2114  TF_role:R  Evidence:experimental PMID:19372162||tcgaacatagcatcga||>cg1602_lexA TF_locus_tag:cg2114  TF_role:R  Evidence:experimental PMID:19372162||tagaaaaaacgttcgc||>cg1884_lexA_1 TF_locus_tag:cg2114  TF_role:R  Evidence:experimental PMID:19372162||ttcgcacattttttct||>cg1884_lexA_2 TF_locus_tag:cg2114  TF_role:R  Evidence:experimental PMID:19372162||tcgaaaagtggctcca||>cg2034_lexA TF_locus_tag:cg2114  TF_role:R  Evidence:experimental PMID:19372162||ccgatcaaatgtttga||>cg2114_lexA_1 TF_locus_tag:cg2114  TF_role:R  Evidence:experimental PMID:19372162||actgacagaggttcga||>cg2114_lexA_2 TF_locus_tag:cg2114  TF_role:R  Evidence:experimental PMID:19372162||tcgaacactcgtacca||>cg2114_lexA_3 TF_locus_tag:cg2114  TF_role:R  Evidence:experimental PMID:19372162||gcgaacagagttttta||>cg2381_lexA TF_locus_tag:cg2114  TF_role:R  Evidence:experimental PMID:19372162||tcaaatatgtgttcga||>cg2504_lexA TF_locus_tag:cg2114  TF_role:R  Evidence:experimental PMID:19372162||tcgaaaatttgatcgg||>cg2683_lexA TF_locus_tag:cg2114  TF_role:R  Evidence:experimental PMID:19372162||tcgaacacgtgagcgg||>cg2733_lexA TF_locus_tag:cg2114  TF_role:R  Evidence:experimental PMID:19372162||tcgaataactgttcga||>cg0470_lexA TF_locus_tag:cg2114  TF_role:R  Evidence:experimental PMID:19372162||tggaaaatatgttcga||>cg1560_lexA TF_locus_tag:cg2114  TF_role:R  Evidence:experimental PMID:19372162||tcgatgctatgttcga||>cg1977_lexA_1 TF_locus_tag:cg2114  TF_role:R  Evidence:experimental PMID:19372162||taaaacacttgttcta||>cg1977_lexA_2 TF_locus_tag:cg2114  TF_role:R  Evidence:experimental PMID:19372162||ccgaacacagttttaa||>cg2449_lexA TF_locus_tag:cg2114  TF_role:R  Evidence:experimental PMID:19372162||tagaacactcctacga||>cg2950_lexA TF_locus_tag:cg2114  TF_role:R  Evidence:experimental PMID:19372162||tcgaacaccgtttctc
cg2115	8	7	9	cg2115	HTH_DeoR	>CAF20272.1 transcriptional regulators of sugar metabolism, DeoR family [Corynebacterium glutamicum ATCC 13032]||MYAEERRRQIASLTAVEGRVNVTELAGRFDVTAETIRRDLAVLDREGIVHRVHGGAVATQSFQTTELSLD||TRFRSASSAKYSIAKAAMQFLPAEHGGLFLDAGTTVTALADLISEHPSSKQWSIVTNCLPIALNLANAGL||DDVQLLGGSVRAITQAVVGDTALRTLALMRADVVFIGTNALTLDHGLSTADSQEAAMKSAMITNAHKVVV||LCDSTKMGTDYLVSFGAISDIDVVVTDAGAPASFVEQLRERDVEVVIAE	>cg2121_cg2115 TF_locus_tag:cg2115  TF_role:R  Evidence:experimental PMID:18005413;18183389;18849435;19332837||tcggacatt||>cg2831_cg2115_1 TF_locus_tag:cg2115  TF_role:R  Evidence:experimental + predicted PMID:18849435;23396909||aggtacact||>cg2831_cg2115_2 TF_locus_tag:cg2115  TF_role:R  Evidence:experimental + predicted PMID:18849435;23396909||atggacacc||>cg2925_cg2115 TF_locus_tag:cg2115  TF_role:R  Evidence:experimental PMID:17293426;18005413;18849435;19332837||tcggacaca||>cg3219_cg2115 TF_locus_tag:cg2115  TF_role:R  Evidence:experimental PMID:18849435;19332837;19221735||tcggacata||>cg1537_cg2115 TF_locus_tag:cg2115  TF_role:R  Evidence:experimental PMID:17293426;18005413;18849435;19332837||tcggacata||>cg2115_cg2115 TF_locus_tag:cg2115  TF_role:R  Evidence:predicted PMID:18849435;19332837||ttggacagt||>cg2118_cg2115 TF_locus_tag:cg2115  TF_role:R  Evidence:experimental PMID:17293426;18005413;18849435;19332837||tcggaacca
cg2152	6	6	18	cg2152	XRE_superfamily	>CAF20303.1 Predicted transcriptional regulator [Corynebacterium glutamicum ATCC 13032]||MVTYTTLLDKPISESAPRKAPEPLLREALGAALRSFRADKGVTLRELAEASRVSPGYLSELERGRKEVSS||ELLASVCHALGASVADVLIEAAGSMALQAAQEDLARV	>cg0297_cg2152 TF_locus_tag:cg2152  TF_role:A  Evidence:experimental PMID:15978086||tgtaagccgagagcgaac||>cg0892_cg2152 TF_locus_tag:cg2152  TF_role:A  Evidence:experimental PMID:15978086||tgttcgcttacagcgttg||>cg2126_cg2152 TF_locus_tag:cg2152  TF_role:A  Evidence:experimental PMID:15978086||tgatcgctcacggcgttg||>cg2963_cg2152 TF_locus_tag:cg2152  TF_role:A  Evidence:experimental PMID:15049827;15978086||tgttcgctacaggcgtac||>cg2645_cg2152 TF_locus_tag:cg2152  TF_role:A  Evidence:experimental PMID:15049827;15978086||aaaacgctgatagcgaac||>cg2873_cg2152 TF_locus_tag:cg2152  TF_role:A  Evidence:experimental PMID:15978086||atgtcgccaatggcgaac
cg2200	2	2	25	cg2200	GerE	>CAF20350.1 Response regulator containing a CheY-like receiver domain and an HTH DNA-binding domain [Corynebacterium glutamicum ATCC 13032]||MIRILLADDHPVVRAGLASLLVSEDDFEIVDMVGTPDDAVARAAEGGVDVVLMDLRFGDQPGIEVAGGVE||ATRRIRALDNPPQVLVVTNYSTDGDVVGAVSAGAVGYLLKDSSPEDLIAGVRDAARGESVLSKQVASKIM||GRMNNPMTALSAREIEVLSLVAQGQSNREIGKKLFLTEATVKSHMGHVFNKLDVTSRTAAVAEARQRGII	>cg2202_cg2200 TF_locus_tag:cg2200  TF_role:A  Evidence:experimental PMID:23038807||gcagtacgaccaaagtcggattcgc||>cg3247_cg2200 TF_locus_tag:cg2200  TF_role:R  Evidence:experimental PMID:23038807||aaggctagactaaagtacgattcat
cg2309	8	3	13-17	cg2309	TetR_N	>CAF20442.1 Bacterial regulatory proteins, tetR family [Corynebacterium glutamicum ATCC 13032]||MLAIVQLSKESIIGAAVSILSEFGLSDMTMRRVAKQLNVAPGALYWHFKNKQELIDATSRYLLAPVLGRN||DEQRASISAQETCAEMRSLMMQTKDGAEVISAALSNQQLRQELESLISDSLKEPNEVGAFTLLHFVVGAV||LTEQTQLQMHEFTAGAGDDTQENPADANFEERFNQGIEIILVGLDALGHIR	>cg2885_cg2309_1 TF_locus_tag:cg2309  TF_role:R  Evidence:experimental + predicted PMID:17636889;22178235||attgaacactgttcaat||>cg2885_cg2309_2 TF_locus_tag:cg2309  TF_role:R  Evidence:experimental + predicted PMID:17636889;22178235||tgaacactgttca||>cg0095_cg2309_1 TF_locus_tag:cg2309  TF_role:R  Evidence:experimental + predicted PMID:17636889;22178235||cttgaacactgttcaag||>cg0095_cg2309_2 TF_locus_tag:cg2309  TF_role:R  Evidence:experimental + predicted PMID:17636889;22178235||tttgaacagtgttcaaa||>cg0095_cg2309_3 TF_locus_tag:cg2309  TF_role:R  Evidence:experimental + predicted PMID:17636889;22178235||tgaacactgttca||>cg0095_cg2309_4 TF_locus_tag:cg2309  TF_role:R  Evidence:experimental + predicted PMID:17636889;22178235||tgaacagtgttca||>cg2147_cg2309_1 TF_locus_tag:cg2309  TF_role:R  Evidence:experimental + predicted PMID:17636889;22178235||gttgaacactgttcagg||>cg2147_cg2309_2 TF_locus_tag:cg2309  TF_role:R  Evidence:experimental + predicted PMID:17636889;22178235||tgaacactgttca
fur	8	6	21	cg2502	FUR	>CAF20622.1 FERRIC UPTAKE REGULATION PROTEIN [Corynebacterium glutamicum ATCC 13032]||MGINRISQGSAPKLGVRSTRQRKAVIDVLEEIDNFASAKEIHHELSTREHNVGLTTVYRTLQSLADIGAV||DVLTVTGGETLYRQCHDEGHHHHLVCTNCGRTVEIDGGPVETWAQEIATKNGFALSSHEAEIFGLCADCK||EKVT	>cg0042_fur TF_locus_tag:cg2502  TF_role:R  Evidence:experimental PMID:20055984||taatgataacggttatcattt||>cg0043_fur TF_locus_tag:cg2502  TF_role:R  Evidence:experimental PMID:20055984||aaatgataaccgttatcatta||>cg0794_fur_1 TF_locus_tag:cg2502  TF_role:R  Evidence:experimental PMID:20055984||tattgaaaacaatttccatta||>cg0794_fur_2 TF_locus_tag:cg2502  TF_role:R  Evidence:experimental PMID:20055984||tattgaaaatgattcccaaaa||>cg0795_fur_1 TF_locus_tag:cg2502  TF_role:R  Evidence:experimental PMID:20055984||taatggaaattgttttcaata||>cg0795_fur_2 TF_locus_tag:cg2502  TF_role:R  Evidence:experimental PMID:20055984||ttttgggaatcattttcaata||>cg1447_fur TF_locus_tag:cg2502  TF_role:R  Evidence:experimental PMID:23061624||tttcaataacgtttcaataag||>cg2911_fur TF_locus_tag:cg2502  TF_role:R  Evidence:experimental PMID:20055984||tgttgacatcctttttcaata
hrcA	5	3	27	cg2516	HTH_DeoR	>CAF20633.1 Transcriptional regulator of heat shock genes [Corynebacterium glutamicum ATCC 13032]||MVSATEKRRYEVLRAIVADYIASQEPVGSKSLLERHKLNVSSATIRNDMSVLESDGFIVQEHASSGRVPT||ERGYRLFVDSIHDIKPLSLAERRAILGFLEGGVDLEDVLRRSVQLLSQLTHQAAVVQLPTLKTARVKHCE||VVPLSPMRLLLVLITDTGRVDQRNVELEEPLAAEEVNVLRDLLNGALGEKTLTAASDALEELAQQAPTDI||RDAMRRCCDVLVNTLVDQPSDRLILAGTSNLTRLSRETSASLPMVLEALEEQVVMLKLLSNVTDLDQVRV||HIGGENEDIELRSATVITTGYGSQGSALGGLGVVGPTYMDYSGTISKVSAVAKYVGRVLAGE	>cg3011_hrcA_1 TF_locus_tag:cg2516  TF_role:R  Evidence:experimental + predicted PMID:15231814;19202085;19270092||cttgcactcacaccccttgagtgctag||>cg3011_hrcA_2 TF_locus_tag:cg2516  TF_role:R  Evidence:experimental + predicted PMID:15231814;19202085;19270092||ttagcactcaactaatcagagtgccaa||>cg0690_hrcA_1 TF_locus_tag:cg2516  TF_role:R  Evidence:experimental + predicted PMID:15231814;19202085;19270092||ttagcaccctcaacagttgagtgctgg||>cg0690_hrcA_2 TF_locus_tag:cg2516  TF_role:R  Evidence:experimental + predicted PMID:15231814;19202085;19270092||ctggcactctcgggggtagagtgccaa||>cg1553_hrcA TF_locus_tag:cg2516  TF_role:R  Evidence:experimental PMID:19270092||attgcacttactttttgatagtgctat
cg2544	1	1	15	cg2544	GntRx2	>CAF20658.1 Bacterial regulatory proteins, GntR family [Corynebacterium glutamicum ATCC 13032]||MSDMPTKRVAPARSLTDQVMDFVRESTLDKTMVTGEWYSVYQVSDQLGISRSPVRDALLRLEEAGLIRFT||RNRGFQIVETKPSDVAEIFALRLGIEPAAAYRAAQLRTEEQLHEADDIIALMAQAEADNDEEAFFTHDRQ||FHRQIMTMGHSQRGADLVEKLRAHTRILGASTAGNKRTLGDILEEHEPILDAIKRQSAEMARATMREHIQ||VTGKLLLEQAVEKSGEGAAQKIWDQYTAGV	>cg0350_cg2544 TF_locus_tag:cg2544  TF_role:A  Evidence:experimental PMID:25876601||taaagtgtgacattt
cg2615	2	1	19-28	cg2615		>CAF21047.1 Putative transcriptional regulator PadR-like family [Corynebacterium glutamicum ATCC 13032]||MTLRSALLALLSSGPLTGYDASQRFGASVGFVWSGSDSQIYPELRKMEAEELLVGSDVPWGSKGATKTEY||ALSEKGWEALRKAWYEPVTYGPTRDPARLKAAYFEVGTNGDARRHLRAHIAHFEQQKIQSESMIDELKAK||THPTLARRLERSPKKEHERIVAFKVLAYEGQIARAQAEIEWAEKGLKLLDTL	>cg2616_cg2615_1 TF_locus_tag:cg2615  TF_role:R  Evidence:experimental PMID:15971090;17183485;25535273||taaactaactaagagttta||>cg2616_cg2615_2 TF_locus_tag:cg2615  TF_role:R  Evidence:experimental PMID:15971090;17183485;25535273||aactaactaagagtttaggtatttggtt
pcaR	4	4	15	cg2624	HTH_IclR	>CAF21056.1 Bacterial regulatory proteins, IclR family [Corynebacterium glutamicum ATCC 13032]||MVEQSPDFVQSFARGLSVIRSFSADNPSQTLSEVASQTGLSRATARRFLHTLTDLGYAVNNDSRFQLTPR||VLELGASYLSALSLPAIAQPRLEVLSRQVGESSSMSVLDGTDIIYVCRVPVRRIMTVNITIGTRFPAYAT||SMGRIMLANLPEEELDEMLAAAPPEQLTTRSLTSIASIREEIIATRERGWSLVDQELEPGLRSLAAPITN||AQGEVVASINVSTQSASHSVEDIRKLVLPQLLETAQAISTDLSAL	>cg1226_pcaR TF_locus_tag:cg2624  TF_role:R  Evidence:predicted PMID:17183485||gttcgcaaggcgaac||>cg2623_pcaR TF_locus_tag:cg2624  TF_role:R  Evidence:experimental PMID:17183485||gttcgcattgcgaac||>cg2624_pcaR TF_locus_tag:cg2624  TF_role:R  Evidence:predicted PMID:||gttcgcaatgcgaac||>cg2631_pcaR TF_locus_tag:cg2624  TF_role:R  Evidence:predicted PMID:17183485||gttcgccccgcgaac
cg2627	1	1	20	cg2627	GerE	>CAF21059.1 ATP-dependent transcriptional regulator, LuxR family [Corynebacterium glutamicum ATCC 13032]||MFTTSLLPRRQLLLRRLLAEFTTDRRGRFLVVTGPHGVNKEHFTREFAAELGEFEVNPFLKKRPRASIVV||VDDVHLADKDDIQKTLNLVHTKGLTVLATAPHRIPGATDLLALPPLTVPETALLARQIVGHCTPTTAHRL||NDAAGGLPQLIRELLDATPIDHWSNDRPTLTLPEHWVTDIDIKNPVLREVASHPFFDGCPIGDLDADAFV||EDGTLIHENGTLRFRSPEERTLVRASTPPSMARSPREWESTEGGVDKLIAAGNLPLARLHVEELPRADEQ||RAFLALYGGQSFEAASASPFYALATWNPEALRGDPTFDMFADALDTGHYREVPRPDAPEESQIHDFISGW||LALVYDDPLTARRLLSRRGPSDLVGLWQSAFLARAHYVLGEFQEASAVVERGLATGDRTGASLLEPVHLW||TGAQVAAMTGRTELANHYLQRLTVPDDAFLIQKLSASMGKLITASMTSDTRAATLAGDRMASVVYTTNTQ||QPGFWAWEDMYAISLIRTGRIDAAAAVMDGIPDSTIPSLRARNLVPQANIEIQRGSTARGVKMLSEAVDL||ISSVNMPAYEARILFEYGLVLRRMGRRSQAAEMFTHAEEVFTAMGAVTLAARCHGERRVAGVGPRRSAQG||LTPQEEQITALVVDGCSNQEVARELSLSAKTVEYHLTRVYKKLGVSSRGELRELLKV	>cg2631_cg2627 TF_locus_tag:cg2627  TF_role:A  Evidence:experimental PMID:20081038||aacccctgaccttcggggtt
cg2737	4	4	29	cg2737	TetR_N	>CAF21152.1 Bacterial regulatory protein, tetR family [Corynebacterium glutamicum ATCC 13032]||MPRRRPAQQRSRERFNRILTAARSVLVDLGFESFTFDEVAKRAEVPIGTLYQFFANKYVLICELDRVDTA||EAVAELKKFSDQVPALQWPDILDEFIEHLARLWRDDPSRRAVWHAIQSTPATRATAAATEKEMLEIIAEV||MRPLARGAGYEERMSLAGLLVHTVSSLLNYAVRDVNSSEEDFDSIVEEIKRMLISYLFSVATG	>cg0802_cg2737 TF_locus_tag:cg2737  TF_role:R  Evidence:experimental PMID:20923423||ccccagaatatgagtaagtcctcatatct||>cg0812_cg2737 TF_locus_tag:cg2737  TF_role:R  Evidence:experimental PMID:20923423;25449109||tttcaaaacatgaccatttcctcaccttt||>cg0957_cg2737 TF_locus_tag:cg2737  TF_role:R  Evidence:experimental PMID:20923423||ccgcaaaagatgacgttttcctcatgatt||>cg2743_cg2737 TF_locus_tag:cg2737  TF_role:R  Evidence:experimental PMID:20923423;25449109||ccgaaatagatgactaaaccctcatgttt
cg2783	9	8	15	cg2783	GntR	>CAF21189.1 Bacterial regulatory proteins, gntR family [Corynebacterium glutamicum ATCC 13032]||MTPANESPMTNPLGSAPTPAKPLLDSVLDELGQDIISGKVAVGDTFKLMDIGERFGISRTVAREAMRALE||QLGLVASSRRIGITVLPQEEWAVFDKSIIRWRLNDEGQREGQLQSLTELRIAIEPIAARSVALHASTAEL||EKIRALATEMRQLGESGQGASQRFLEADVTFHELILRYCHNEMFAALIPSISAVLVGRTELGLQPDLPAH||EALDNHDKLADALLNRDADAAETASRNILNEVRSALGTLN	>cg1643_cg2783_1 TF_locus_tag:cg2783  TF_role:R  Evidence:experimental PMID:18047570;23024346||attgatcgtacttga||>cg1643_cg2783_2 TF_locus_tag:cg2783  TF_role:R  Evidence:experimental PMID:18047570;23024346||aatggtcacaccttt||>cg1537_cg2783 TF_locus_tag:cg2783  TF_role:A  Evidence:experimental PMID:18047570||aaaagtattaccttt||>cg2732_cg2783 TF_locus_tag:cg2783  TF_role:R  Evidence:experimental PMID:18047570||tatgatagtaccaat||>cg3216_cg2783 TF_locus_tag:cg2783  TF_role:R  Evidence:experimental PMID:18047570||tttgatcatactaat||>cg0766_cg2783 TF_locus_tag:cg2783  TF_role:A  Evidence:experimental PMID:24982307||cttggtgtgatcttt||>cg2291_cg2783 TF_locus_tag:cg2783  TF_role:R  Evidence:experimental PMID:24982307||acaggtactaccatt||>cg1069_cg2783 TF_locus_tag:cg2783  TF_role:A  Evidence:experimental PMID:24982307||aaagatgtgatcatt||>cg3335_cg2783 TF_locus_tag:cg2783  TF_role:A  Evidence:experimental PMID:24982307||aatgatatgaccatc
cg2831	17	10	8-19	cg2831	GerE	>CAF21222.1 Bacterial regulatory protein, LuxR family [Corynebacterium glutamicum ATCC 13032]||MDTQRIKDDEDAIRSALTSLKTATGIPVTMFATVLQDNRLQITQWVGLRTPALQNLVIEPGVGVGGRVVA||TRRPVGVSDYTRANVISHEKDSAIQDEGLHSIVAVPVIVHREIRGVLYVGVHSAVRLGDTVIEEVTMTAR||TLEQNLAINSALRRNGVPDGRGSLKANRVMNGAEWEQVRSTHSKLRMLANRVTDEDLRRDLEELCDQMVT||PVRIKQTTKLSARELDVLACVALGHTNVEAAEEMGIGAETVKSYLRSVMRKLGAHTRYEAVNAARRIGAL||P	>cg0445_cg2831 TF_locus_tag:cg2831  TF_role:A  Evidence:experimental + predicted PMID:16547043;19583988;20620178||tgggggtcatggggga||>cg3169_cg2831 TF_locus_tag:cg2831  TF_role:A  Evidence:experimental + predicted PMID:16547043;20620178;23873914||tggggtaacgtgggga||>cg1791_cg2831_1 TF_locus_tag:cg2831  TF_role:A  Evidence:experimental PMID:19047347;20620178||acgggggt||>cg1791_cg2831_2 TF_locus_tag:cg2831  TF_role:A  Evidence:experimental PMID:19047347;20620178||gcccccgtctggggt||>cg1791_cg2831_3 TF_locus_tag:cg2831  TF_role:A  Evidence:experimental PMID:19047347;20620178||ccccattcggggga||>cg2115_cg2831_1 TF_locus_tag:cg2831  TF_role:A  Evidence:experimental PMID:19047347||cgggggtaatcgggc||>cg2115_cg2831_2 TF_locus_tag:cg2831  TF_role:A  Evidence:experimental PMID:19047347||cccccgatttcacccct||>cg3048_cg2831_1 TF_locus_tag:cg2831  TF_role:A  Evidence:experimental PMID:16547043||accccattaatggggggt||>cg3048_cg2831_2 TF_locus_tag:cg2831  TF_role:A  Evidence:experimental PMID:16547043||tgggggcttgctggggt||>cg1737_cg2831 TF_locus_tag:cg2831  TF_role:A  Evidence:experimental + predicted PMID:16547043;19095019;20620178||tgggggtgagtaagggggt||>cg0952_cg2831_1 TF_locus_tag:cg2831  TF_role:A  Evidence:experimental PMID:19028892||aggggtatttcggggt||>cg0952_cg2831_2 TF_locus_tag:cg2831  TF_role:A  Evidence:experimental PMID:19028892||cggggtaaagagggggt||>cg1037_cg2831 TF_locus_tag:cg2831  TF_role:A  Evidence:experimental PMID:18355281||tgggggttgtggtgggt||>cg2559_cg2831_1 TF_locus_tag:cg2831  TF_role:A  Evidence:experimental PMID:16547043||cgggggtggtcacccct||>cg2559_cg2831_2 TF_locus_tag:cg2831  TF_role:A  Evidence:experimental PMID:16547043||cggggttaggcgggggt||>cg2560_cg2831_1 TF_locus_tag:cg2831  TF_role:A  Evidence:experimental PMID:16547043||aggggtgaccacccccg||>cg2560_cg2831_2 TF_locus_tag:cg2831  TF_role:A  Evidence:experimental PMID:16547043||acccccgcctaaccccg
cgtR3	13	10	19	cg2888	Trans_reg_C	>CAF21269.1 putative two component response regulator [Corynebacterium glutamicum ATCC 13032]||MDNQSDGQIRVLVVDDEPNIVELLTVSLKFQGFAVMTANDGNEALKIAREFRPDAYILDVMMPGMDGFEL||LTKLRGEGLDSPVLYLTAKDAVEHRIHGLTIGADDYVTKPFSLEEVITRLRVILRRGGAVEEDTSTSLQY||ADLTLNDETHEVTKAGELIDLSPTEFNLLRYLMLNAEVVLSKAKILDNVWHYDFGGDGNVVESYISYLRR||KVDTQDPQLIQTVRGVGYVLRTPRS	>cg0085_cgtR3_1 TF_locus_tag:cg2888  TF_role:A  Evidence:experimental PMID:17496102||actagcaatggtttgtggg||>cg0085_cgtR3_2 TF_locus_tag:cg2888  TF_role:A  Evidence:experimental PMID:17496102||agtgtgaagcatatgaacc||>cg0397_cgtR3 TF_locus_tag:cg2888  TF_role:A  Evidence:experimental PMID:17496102||tgggtgaacagtacataaa||>cg1109_cgtR3 TF_locus_tag:cg2888  TF_role:A  Evidence:experimental PMID:17496102||tatgtgaatgctctactaa||>cg1568_cgtR3 TF_locus_tag:cg2888  TF_role:A  Evidence:experimental PMID:17496102||actgggagcaggcttccaa||>cg2868_cgtR3 TF_locus_tag:cg2888  TF_role:A  Evidence:experimental PMID:17496102||cctattagctgacctttat||>cg3393_cgtR3 TF_locus_tag:cg2888  TF_role:A  Evidence:experimental PMID:17496102||aatgtgaacgccttaaaac||>cg0545_cgtR3 TF_locus_tag:cg2888  TF_role:A  Evidence:experimental PMID:17496102||ttggggctatagctattat||>cg1572_cgtR3_1 TF_locus_tag:cg2888  TF_role:A  Evidence:experimental PMID:17496102||tcactgaatccgctgcgga||>cg1572_cgtR3_2 TF_locus_tag:cg2888  TF_role:A  Evidence:experimental PMID:17496102||ccgttgaagcagctgtcgc||>cg2846_cgtR3_1 TF_locus_tag:cg2888  TF_role:A  Evidence:experimental PMID:17496102||catttggagactctaatca||>cg2846_cgtR3_2 TF_locus_tag:cg2888  TF_role:A  Evidence:experimental PMID:17496102||tttgtgattagagtctcca||>cg2888_cgtR3 TF_locus_tag:cg2888  TF_role:A  Evidence:experimental PMID:17496102;16385062||cctgtgagaataataagaa
cg2894	1	1	30	cg2894	TetR_N	>CAF21274.1 Bacterial regulatory protein, TetR family [Corynebacterium glutamicum ATCC 13032]||MRTSKKEMILRTAIDYIGEYSLETLSYDSLAEATGLSKSGLIYHFPSRHALLLGMHELLADDWDKELRDI||TRDPEDPLERLRAVVVTLAENVSRPELLLLIDAPSHPDFLNAWRTVNHQWIPDTDDLENDAHKRAVYLVQ||LAADGLFVHDYIHDDVLSKSKRQAMLETILELIPSQT	>cg2893_cg2894 TF_locus_tag:cg2894  TF_role:R  Evidence:experimental PMID:16166084;20691702||gtaactgtaccgaccattcgttacagttac
cg2910	8	6	16	cg2910	HTH_LacI	>CAF21289.1 Transcriptional regulator, LacI family [Corynebacterium glutamicum ATCC 13032]||MIMGRKQQYGTLASIAAKLGISRTTVSNAYNRPEQLSAELRQRILDTAEDMGYLGPDPVARSLRTRRAGA||IGVLLTEDLTYAFEDMASVDFLAGVAQAAGDTQLTLIPASPASSVDHVSAQQLVNNAAVDGVVIYSVAKG||DPHIDAIRARGLPAVIADQPAREEGMPFIAPNNRKAIAPAAQALIDAGHRKIGILSIRLDRANNDGEVTR||ERLENAQYQVQRDRVRGAMEVFIEAGIDPGTVPIMECWINNRQHNFEVAKELLETHPDLTAVLCTVDALA||FGVLEYLKSVGKSAPADLSLTGFDGTHMALARDLTTVIQPNKLKGFKAGETLLKMIDKEYVEPEVELETS||FHPGSTVAPI	>cg3323_cg2910_1 TF_locus_tag:cg2910  TF_role:A  Evidence:experimental PMID:24377418||acctgatcgatcaagc||>cg3323_cg2910_2 TF_locus_tag:cg2910  TF_role:A  Evidence:experimental PMID:24377418||aattgatcgatcaagc||>cg0534_cg2910_1 TF_locus_tag:cg2910  TF_role:R  Evidence:experimental PMID:24377418||acatggtcactaaagc||>cg0534_cg2910_2 TF_locus_tag:cg2910  TF_role:R  Evidence:experimental PMID:24377418||agtttccgtgtcaact||>cg3210_cg2910 TF_locus_tag:cg2910  TF_role:A  Evidence:experimental PMID:24377418||accgcatcaatcaaga||>cg0046_cg2910 TF_locus_tag:cg2910  TF_role:A  Evidence:experimental PMID:24377418||actgaatcaataaaga||>cg1421_cg2910 TF_locus_tag:cg2910  TF_role:R  Evidence:experimental PMID:24377418||acttgacgtgtcaagt||>cg3195_cg2910 TF_locus_tag:cg2910  TF_role:A  Evidence:experimental PMID:24377418||acaggatccatccagt
hspR	4	3	21	cg3097	MerR_superfamily	>CAF20818.1 TRANSCRIPTIONAL REGULATOR MERR FAMILY [Corynebacterium glutamicum ATCC 13032]||MASTPKKSNDEGQFDRVDFQGEVFVISVAAELAGMHAQTLRTYDRMGLVTPIRTRGGGRRYSRADVELLR||EIQHLSQEEGVNLAGIKAIIELGEENRNLKESLRKVTAENEQLKDQLRSGRPRGELVHVPRSTAVVMWER||RKGRSK	>cg3079_hspR_1 TF_locus_tag:cg3097  TF_role:R  Evidence:experimental + predicted PMID:15231814;10027969;19202085;19270092||cttgagtggaacatactcaac||>cg3079_hspR_2 TF_locus_tag:cg3097  TF_role:R  Evidence:experimental + predicted PMID:15231814;10027969;19202085;19270092||attgactgcggtccactcaat||>cg2152_hspR TF_locus_tag:cg3097  TF_role:R  Evidence:experimental PMID:15231814;15049827||attgagtcgcagtgactcaag||>cg3100_hspR TF_locus_tag:cg3097  TF_role:R  Evidence:experimental + predicted PMID:15231814;19202085;19270092||cttgagtcaggcaggctcaat
cg3202	1	1	20	cg3202	GntR	>CAF20917.1 Bacterial regulatory proteins, GntR family [Corynebacterium glutamicum ATCC 13032]||MPDQPLNQDGFPTASKGVEPDNLPDRVLVDGLKPKHQQLREILEEICTTQLQPGDMLPGERILEEKYGVS||RITVRRAIGDLVASGRLKRARGKGTFVAHSPLISRLHLASFSAEMAAQKLSATSRILSSSRGPAPDDIAD||FFGTDRAAQHITLRRLRLGNGRPYAIDNGWYNSEFAPDLLENDVYNSVYSILDRVYGVPVTQAEQTVTAV||AADEDTARLLDVTPGAPLLRILRQSLSGDKPVEWCVSLYRTDRYSLKTLVTRSEDL	>cg2280_cg3202 TF_locus_tag:cg3202  TF_role:R  Evidence:experimental PMID:17483938||gccaggttatataaccagtc
cg3239	2	2	15	cg3239	HTH_1	>CAF20952.1 unnamed protein product [Corynebacterium glutamicum ATCC 13032]||MGNDGGDLRIDDLRSFISVAQSGHLTETAERLGIPQPTLSRRISRVEKHAGTPLFDRAGRKLVLNQRGHA||FLNHASAIVAEFNSAATEIKRLMDPEKGTIRLDFMHSLGTWMVPELIRTFRAEHPNVEFQLHQAAAMLLV||DRVLADETDLALVGPKPAEVGTSLGWAPLLRQRLALAVPADHRLASFSGQGELPLITAAEEPFVAMRAGF||GTRLLMDALAEEAGFVPNVVFESMELTTVAGLVSAGLGVGVVPMDDPYLPTVGIVQRPLSPPAYRELGLV||WRLNAGPAPAVDNFRKFVAGSRYALEEG	>cg3240_cg3239 TF_locus_tag:cg3239  TF_role:A  Evidence:predicted PMID:||atgcacaaagtgaat||>cg3239_cg3239 TF_locus_tag:cg3239  TF_role:R  Evidence:predicted PMID:||attcactttgtgcat
mcbR	32	23	16	cg3253	TetR_N	>CAF20965.1 TetR-type transcriptional regulator of sulfur metabolism [Corynebacterium glutamicum ATCC 13032]||MAASASGKSKTSAGANRRRNRPSPRQRLLDSATNLFTTEGIRVIGIDRILREADVAKASLYSLFGSKDAL||VIAYLENLDQLWREAWRERTVGMKDPEDKIIAFFDQCIEEEPEKDFRGSHFQNAASEYPRPETDSEKGIV||AAVLEHREWCHKTLTDLLTEKNGYPGTTQANQLLVFLDGGLAGSRLVHNISPLETARDLARQLLSAPPAD||YSI	>cg0737_mcbR TF_locus_tag:cg3253  TF_role:R  Evidence:predicted PMID:15853877||tagaccaagctgtaca||>cg0754_mcbR TF_locus_tag:cg3253  TF_role:R  Evidence:predicted PMID:15853877;18800184||tagacagagctgtcca||>cg1147_mcbR TF_locus_tag:cg3253  TF_role:R  Evidence:predicted PMID:15853877||tagactgaattgtcta||>cg1151_mcbR TF_locus_tag:cg3253  TF_role:R  Evidence:predicted PMID:15853877||tagacaaagatgtcta||>cg1156_mcbR TF_locus_tag:cg3253  TF_role:R  Evidence:predicted PMID:15853877||tagaccgtgtggtcta||>cg1290_mcbR_1 TF_locus_tag:cg3253  TF_role:R  Evidence:predicted PMID:15853877;18800184||tcaagcagaaagtctt||>cg1290_mcbR_2 TF_locus_tag:cg3253  TF_role:R  Evidence:predicted PMID:15853877;18800184||cagaccgagcagtcta||>cg1386_mcbR TF_locus_tag:cg3253  TF_role:R  Evidence:predicted PMID:15853877||tagactggtttgtctg||>cg2678_mcbR TF_locus_tag:cg3253  TF_role:R  Evidence:predicted PMID:15853877||tataccgatcagtcta||>cg2687_mcbR TF_locus_tag:cg3253  TF_role:R  Evidence:predicted PMID:15853877;18800184||tggacagcttggtcta||>cg2833_mcbR TF_locus_tag:cg3253  TF_role:R  Evidence:experimental PMID:15853877;16159395||tgaacagaactgtcta||>cg3118_mcbR TF_locus_tag:cg3253  TF_role:R  Evidence:experimental PMID:15853877;16159395||tagacagatcggtcta||>cg3119_mcbR TF_locus_tag:cg3253  TF_role:R  Evidence:predicted PMID:15853877;16159395||cagaccaagcggtcta||>cg3132_mcbR_1 TF_locus_tag:cg3253  TF_role:R  Evidence:predicted PMID:15853877||tagaccgtatcgttca||>cg3132_mcbR_2 TF_locus_tag:cg3253  TF_role:R  Evidence:predicted PMID:15853877||tagactatgcagtcta||>cg3253_mcbR TF_locus_tag:cg3253  TF_role:R  Evidence:experimental PMID:15853877||cgaaccggtttgtcta||>cg0012_mcbR_1 TF_locus_tag:cg3253  TF_role:R  Evidence:predicted PMID:15853877||tagaccatacggtcta||>cg0012_mcbR_2 TF_locus_tag:cg3253  TF_role:R  Evidence:predicted PMID:15853877||tagactgaacggtcta||>cg0156_mcbR_1 TF_locus_tag:cg3253  TF_role:R  Evidence:predicted PMID:15853877||tagacagcgttgtcta||>cg0156_mcbR_2 TF_locus_tag:cg3253  TF_role:R  Evidence:predicted PMID:15853877||cagacaatgcggtcta||>cg0755_mcbR_1 TF_locus_tag:cg3253  TF_role:R  Evidence:experimental PMID:15853877;18800184||tataccacacagtcta||>cg0755_mcbR_2 TF_locus_tag:cg3253  TF_role:R  Evidence:experimental PMID:15853877;18800184||tagaccaagctgttca||>cg1337_mcbR TF_locus_tag:cg3253  TF_role:R  Evidence:experimental PMID:15853877||tgaacagcttggtcta||>cg1376_mcbR_1 TF_locus_tag:cg3253  TF_role:R  Evidence:predicted PMID:15853877||tagacgaagcggtctg||>cg1376_mcbR_2 TF_locus_tag:cg3253  TF_role:R  Evidence:predicted PMID:15853877||tagacatctcggtcta||>cg1376_mcbR_3 TF_locus_tag:cg3253  TF_role:R  Evidence:predicted PMID:15853877||tagaccgcttagtctt||>cg1701_mcbR_1 TF_locus_tag:cg3253  TF_role:R  Evidence:predicted PMID:15853877;18800184||cgtactaagctgtcta||>cg1701_mcbR_2 TF_locus_tag:cg3253  TF_role:R  Evidence:predicted PMID:15853877;18800184||taggcggcgttgaaaa||>cg1739_mcbR TF_locus_tag:cg3253  TF_role:R  Evidence:predicted PMID:17380901||tagactaagcggtatg||>cg1806_mcbR_1 TF_locus_tag:cg3253  TF_role:R  Evidence:experimental PMID:15853877;18800184||tagacagcttggtcta||>cg1806_mcbR_2 TF_locus_tag:cg3253  TF_role:R  Evidence:experimental PMID:15853877;18800184||tagaaaaatccagcta||>cg3372_mcbR TF_locus_tag:cg3253  TF_role:R  Evidence:predicted PMID:15853877||tagacagcatggtcta
cgtR9	2	2	20	cg3285	Trans_reg_C	>CAF20995.1 putative two component response regulator [Corynebacterium glutamicum ATCC 13032]||MADRTPTTATPPGRVLVVDDEQPLAQMVASYLIRAGFDTRQAHTGTQAVDEARRFSPDVVVLDLGLPELD||GLEVCRRIRTFSDCYILMLTARGSEDDKISGLTLGADDYITKPFSIRELVTRVHAVLRRPRTSTTPPQVT||TPLIVGDLILDPVAHQVWVGETTVELTRTEFELLVALALRPGQVLTRHDLITEVWDTTWVGDERIVDVHI||GNLRRKLGTDTRGRGFIDTVRGVGYRVGQP	>cg3285_cgtR9 TF_locus_tag:cg3285  TF_role:A  Evidence:experimental PMID:21799779||tgaagatttgatgaagattt||>cg3286_cgtR9 TF_locus_tag:cg3285  TF_role:A  Evidence:experimental PMID:21799779||tgaagatttgatgaagattt
cg3315	5	2	9	cg3315	HTH_MARR	>CAF18928.1 Bacterial regulatory protein, MarR family [Corynebacterium glutamicum ATCC 13032]||MLAGMPNLNAEELAVRVRPALTKLYVLYFRRSVNSDLSGPQLTILSRLEENGPSRISRIAELEDIRMPTA||SNALHQLEQLNLVERIRDTKDRRGVQVQLTDHGREELERVNNERNAEMARLLEMLTPEQLERTEDLVDII||TELAEVYGSWKETDSGS	>cg3315_cg3315_1 TF_locus_tag:cg3315  TF_role:R  Evidence:experimental PMID:22261175||tttccgtag||>cg3315_cg3315_2 TF_locus_tag:cg3315  TF_role:R  Evidence:experimental PMID:22261175||tttccgttc||>cg3315_cg3315_3 TF_locus_tag:cg3315  TF_role:R  Evidence:experimental PMID:22261175||tttctgtcc||>cg3335_cg3315_1 TF_locus_tag:cg3315  TF_role:R  Evidence:experimental PMID:22261175||tttttgttc||>cg3335_cg3315_2 TF_locus_tag:cg3315  TF_role:R  Evidence:experimental PMID:22261175||tttttgttg
cg3352	5	4	15-17	cg3352	HTH_IclR	>CAF18964.1 unnamed protein product [Corynebacterium glutamicum ATCC 13032]||MDNVAPTQGLPPKEFLSSVDIALQLILLLRDSGSLTISGAAETLGVGASTIHRSMSMLVYRGFAVRSESR||TYLPGSALATSALQPGLGADLTKKCSHYMESIGKETGETTHLVILQGDSVHFIHSVEGSLPVRVGNRRGQ||VMPAIQNSGGLVMLAEMSARELRALYSSLGDEEFENLRKRLRRTRDRGHGANFGFFEQDVSAVAEPLLND||VGDVLGAITVAVPSNRFREVYPKAVQVLERHMRDLNKALADYRVPEKG	>cg3353_cg3352 TF_locus_tag:cg3352  TF_role:A  Evidence:experimental + predicted PMID:23354754||tttccagatagcggaat||>cg3352_cg3352 TF_locus_tag:cg3352  TF_role:R  Evidence:experimental PMID:23354754||attctggtgcgtgtgat||>cg0645_cg3352 TF_locus_tag:cg3352  TF_role:A  Evidence:predicted PMID:||attccactgagtggaat||>cg3351_cg3352_1 TF_locus_tag:cg3352  TF_role:A  Evidence:experimental PMID:16000747;23354754||attccacatagcggaat||>cg3351_cg3352_2 TF_locus_tag:cg3352  TF_role:A  Evidence:experimental PMID:16000747;23354754||tttcctgaggggaat